고객ID,성별,나이,가입채널,요금제,가입일,가입경과월,최근30일_로그인수,월평균사용시간,고객센터문의수,최근3개월_결제실패,이탈여부,이탈일
C1000,여,26,오프라인매장,스탠다드,2024-11-07,19,3,9.9,1,1,Y,2026-04-10
C1001,남,49,제휴이벤트,베이직,2025-06-07,11,18,9.7,1,0,N,
C1002,여,24,오프라인매장,스탠다드,2026-01-16,4,18,28.3,0,0,N,
C1003,여,35,지인추천,프리미엄,2024-07-23,22,4,3.8,1,0,Y,2024-12-26
C1004,남,31,소셜미디어,베이직,2024-07-14,22,13,6.7,2,0,N,
C1005,여,40,제휴이벤트,베이직,2025-08-09,9,13,14.9,0,0,N,
C1006,여,30,제휴이벤트,베이직,2026-03-11,2,3,8.0,1,0,Y,2026-04-20
C1007,여,35,소셜미디어,베이직,2026-01-23,4,10,23.7,1,0,N,
C1008,남,35,제휴이벤트,스탠다드,2025-08-10,9,14,13.0,0,1,N,
C1009,남,29,소셜미디어,프리미엄,2025-06-18,11,14,20.4,0,0,N,
C1010,남,44,제휴이벤트,프리미엄,2025-08-27,9,10,35.5,2,0,N,
C1011,여,41,제휴이벤트,스탠다드,2026-02-21,3,3,9.8,0,0,Y,2026-03-20
C1012,여,37,오프라인매장,베이직,2023-06-12,36,9,7.8,0,0,N,
C1013,여,33,검색광고,베이직,2025-02-16,15,6,30.9,0,0,N,
C1014,남,48,지인추천,베이직,2023-07-07,35,16,28.8,0,0,N,
C1015,남,35,검색광고,베이직,2025-02-04,16,11,29.5,0,0,N,
C1016,여,34,오프라인매장,프리미엄,2024-07-25,22,12,12.5,1,0,N,
C1017,남,39,소셜미디어,스탠다드,2024-04-20,25,9,8.7,0,0,N,
C1018,여,58,오프라인매장,베이직,2026-01-04,4,3,6.8,1,0,Y,2026-03-18
C1019,여,22,제휴이벤트,베이직,2025-06-25,11,11,21.4,1,0,N,
C1020,여,47,검색광고,베이직,2025-01-25,16,22,33.1,0,1,N,
C1021,남,19,소셜미디어,프리미엄,2025-12-26,5,3,2.6,1,3,Y,2026-02-21
C1022,여,41,지인추천,베이직,2023-09-13,33,14,20.0,1,0,N,
C1023,여,57,소셜미디어,베이직,2025-04-19,13,14,14.0,0,0,N,
C1024,여,44,검색광고,베이직,2023-11-14,30,11,36.1,1,0,N,
C1025,남,40,검색광고,프리미엄,2024-02-04,28,10,19.4,1,0,N,
C1026,남,31,소셜미디어,스탠다드,2023-12-15,29,12,29.5,0,0,N,
C1027,남,38,지인추천,스탠다드,2024-12-31,17,16,56.0,0,1,N,
C1028,남,35,지인추천,베이직,2025-03-31,14,13,13.1,1,0,N,
C1029,여,29,검색광고,베이직,2025-08-14,9,16,37.7,1,0,N,
C1030,여,35,소셜미디어,프리미엄,2024-09-12,20,10,13.6,0,0,N,
C1031,여,40,소셜미디어,베이직,2026-02-25,3,20,35.0,0,0,N,
C1032,남,29,소셜미디어,베이직,2024-07-02,23,13,35.4,2,0,N,
C1033,남,28,오프라인매장,스탠다드,2023-11-14,30,14,23.7,0,0,N,
C1034,남,22,소셜미디어,베이직,2023-07-09,35,15,13.0,1,0,N,
C1035,남,43,지인추천,베이직,2023-10-14,32,13,9.2,1,0,N,
C1036,남,45,제휴이벤트,프리미엄,2024-09-17,20,14,26.6,0,0,N,
C1037,남,41,지인추천,스탠다드,2024-08-13,21,3,10.2,1,0,Y,2026-04-28
C1038,남,50,지인추천,베이직,2025-11-26,6,8,37.6,0,1,N,
C1039,여,39,검색광고,베이직,2023-10-12,32,19,35.1,0,0,N,
C1040,남,43,검색광고,스탠다드,2024-03-06,27,14,17.2,0,0,N,
C1041,여,42,검색광고,베이직,2026-04-10,1,4,10.7,1,1,Y,2026-05-05
C1042,여,37,오프라인매장,베이직,2023-07-01,35,3,3.8,0,0,Y,2026-01-21
C1043,남,32,제휴이벤트,스탠다드,2024-08-25,21,7,17.3,0,0,N,
C1044,여,65,검색광고,스탠다드,2023-12-29,29,10,7.7,0,1,N,
C1045,여,33,검색광고,프리미엄,2024-12-20,17,18,14.2,0,0,N,
C1046,남,30,소셜미디어,베이직,2026-04-02,1,7,17.4,0,2,N,
C1047,남,43,지인추천,베이직,2024-01-28,28,11,45.1,0,0,N,
C1048,여,41,지인추천,스탠다드,2024-06-29,23,16,12.4,0,0,N,
C1049,남,21,오프라인매장,스탠다드,2024-09-21,20,13,18.4,1,0,N,
C1050,남,51,제휴이벤트,베이직,2025-09-28,8,11,11.3,0,0,N,
C1051,남,37,소셜미디어,스탠다드,2026-04-14,1,7,16.7,1,0,N,
C1052,여,25,오프라인매장,베이직,2023-09-11,33,10,23.7,0,0,N,
C1053,여,52,지인추천,프리미엄,2024-11-02,19,14,25.6,1,0,N,
C1054,여,46,소셜미디어,프리미엄,2025-08-10,9,12,15.6,0,0,N,
C1055,여,23,제휴이벤트,베이직,2023-06-10,36,2,5.4,0,0,Y,2026-05-23
C1056,남,59,검색광고,프리미엄,2025-10-06,7,13,3.1,1,0,N,
C1057,여,46,오프라인매장,프리미엄,2024-02-14,27,14,38.3,1,0,N,
C1058,남,38,오프라인매장,베이직,2024-12-04,18,10,15.0,0,0,N,
C1059,남,57,제휴이벤트,베이직,2026-04-08,1,2,2.1,0,0,Y,2026-05-04
C1060,여,40,지인추천,스탠다드,2025-04-07,13,8,33.5,1,0,N,
C1061,남,38,소셜미디어,베이직,2026-04-19,1,2,2.4,2,0,Y,2026-05-10
C1062,여,30,제휴이벤트,베이직,2025-03-04,15,12,33.5,0,2,N,
C1063,여,45,오프라인매장,베이직,2024-01-11,29,21,7.8,0,2,N,
C1064,여,44,지인추천,프리미엄,2025-06-07,11,10,8.8,1,0,N,
C1065,여,38,오프라인매장,베이직,2025-03-17,14,16,10.1,0,0,N,
C1066,여,29,소셜미디어,스탠다드,2024-04-26,25,11,14.3,1,1,N,
C1067,남,40,지인추천,베이직,2023-08-21,33,11,33.7,2,0,N,
C1068,남,37,제휴이벤트,베이직,2025-04-21,13,7,10.3,0,0,N,
C1069,남,22,소셜미디어,프리미엄,2025-02-04,16,10,23.6,0,0,N,
C1070,남,20,지인추천,베이직,2025-09-01,9,14,21.1,1,0,N,
C1071,남,45,제휴이벤트,베이직,2023-10-13,32,11,19.3,1,1,N,
C1072,여,19,오프라인매장,베이직,2024-12-25,17,15,30.6,0,0,N,
C1073,남,40,제휴이벤트,스탠다드,2025-10-19,7,5,8.0,1,0,Y,2026-05-24
C1074,남,32,소셜미디어,베이직,2026-01-05,4,10,20.9,1,0,N,
C1075,남,54,제휴이벤트,베이직,2026-02-25,3,4,10.7,0,0,Y,2026-04-13
C1076,남,32,검색광고,베이직,2024-01-12,29,21,14.6,0,0,N,
C1077,여,46,지인추천,베이직,2023-12-02,30,3,7.4,0,1,Y,2025-08-14
C1078,여,33,지인추천,베이직,2025-02-03,16,9,21.9,1,0,N,
C1079,여,39,오프라인매장,스탠다드,2024-10-05,20,13,29.2,0,0,N,
C1080,여,47,제휴이벤트,베이직,2024-02-05,28,10,17.3,0,0,N,
C1081,남,32,오프라인매장,베이직,2023-09-17,32,16,18.4,1,0,N,
C1082,여,50,지인추천,스탠다드,2023-10-31,31,10,23.4,2,0,N,
C1083,남,26,소셜미디어,스탠다드,2024-05-27,24,9,17.5,0,0,N,
C1084,남,42,지인추천,베이직,2025-07-27,10,17,12.6,0,0,N,
C1085,남,49,지인추천,베이직,2023-08-09,34,7,26.7,0,1,N,
C1086,여,46,검색광고,베이직,2023-09-21,32,16,20.2,1,0,N,
C1087,남,61,지인추천,프리미엄,2024-03-08,27,14,15.2,0,0,N,
C1088,남,29,제휴이벤트,베이직,2025-12-17,5,17,10.1,1,1,N,
C1089,여,21,오프라인매장,베이직,2026-04-20,1,3,2.4,1,1,Y,2026-05-10
C1090,남,26,오프라인매장,베이직,2024-09-11,20,4,24.0,1,0,N,
C1091,여,46,소셜미디어,베이직,2023-07-18,34,2,5.0,2,0,Y,2024-12-18
C1092,남,44,지인추천,베이직,2023-06-13,36,7,7.5,0,1,N,
C1093,남,39,검색광고,베이직,2025-12-01,6,13,11.6,1,0,N,
C1094,남,25,소셜미디어,스탠다드,2024-09-16,20,6,21.9,0,0,N,
C1095,여,47,지인추천,스탠다드,2023-08-22,33,16,12.4,1,0,N,
C1096,남,23,소셜미디어,스탠다드,2025-11-04,6,1,8.8,1,0,Y,2026-03-17
C1097,남,52,검색광고,스탠다드,2024-12-15,17,11,13.8,1,0,N,
C1098,남,69,오프라인매장,베이직,2024-06-07,24,3,7.4,0,1,Y,2025-07-03
C1099,여,42,소셜미디어,프리미엄,2024-09-24,20,13,19.3,1,0,N,
C1100,여,45,소셜미디어,스탠다드,2024-01-26,28,12,25.9,0,2,N,
C1101,여,32,검색광고,프리미엄,2026-02-17,3,18,26.3,1,0,N,
C1102,남,19,지인추천,스탠다드,2025-09-16,8,13,18.8,0,0,N,
C1103,여,31,소셜미디어,베이직,2023-12-29,29,13,11.0,0,0,N,
C1104,여,25,지인추천,베이직,2025-07-22,10,13,32.2,0,0,N,
C1105,여,21,지인추천,베이직,2023-12-09,30,10,15.0,0,0,N,
C1106,남,59,검색광고,베이직,2024-09-25,20,10,4.1,0,0,N,
C1107,남,41,제휴이벤트,스탠다드,2025-08-06,9,14,21.4,0,0,N,
C1108,남,43,검색광고,베이직,2023-07-09,35,12,21.9,2,0,N,
C1109,여,34,소셜미디어,베이직,2025-07-12,10,5,15.3,3,0,N,
C1110,남,36,검색광고,프리미엄,2024-01-27,28,13,7.9,1,0,N,
C1111,남,50,지인추천,스탠다드,2025-06-14,11,13,6.9,0,0,N,
C1112,남,38,소셜미디어,스탠다드,2024-11-13,18,16,15.9,0,0,N,
C1113,여,44,제휴이벤트,베이직,2023-06-28,35,12,10.4,0,0,N,
C1114,남,36,소셜미디어,스탠다드,2025-08-20,9,10,29.1,0,1,N,
C1115,여,34,지인추천,프리미엄,2024-03-03,27,8,15.6,1,1,N,
C1116,여,21,검색광고,스탠다드,2026-03-11,2,13,14.6,0,0,N,
C1117,여,19,검색광고,스탠다드,2025-11-11,6,12,42.8,0,0,N,
C1118,남,35,소셜미디어,스탠다드,2023-12-23,29,4,1.8,1,0,Y,2026-01-17
C1119,여,39,지인추천,베이직,2025-03-01,15,14,18.4,0,0,N,
C1120,여,23,소셜미디어,스탠다드,2024-06-20,23,1,2.5,2,1,Y,2026-05-07
C1121,여,38,제휴이벤트,프리미엄,2025-03-03,15,3,13.6,1,0,Y,2025-09-07
C1122,남,39,오프라인매장,베이직,2025-01-14,16,12,7.5,1,1,N,
C1123,남,19,제휴이벤트,베이직,2024-04-11,26,2,8.9,1,0,Y,2026-04-07
C1124,남,27,소셜미디어,베이직,2025-04-24,13,2,8.3,1,2,Y,2026-05-16
C1125,남,43,오프라인매장,베이직,2024-03-04,27,2,2.5,0,0,Y,2026-05-07
C1126,남,43,지인추천,프리미엄,2026-01-22,4,11,22.4,1,0,N,
C1127,남,24,지인추천,스탠다드,2026-03-05,2,18,13.8,0,2,N,
C1128,남,40,제휴이벤트,베이직,2023-11-24,30,3,9.8,1,0,Y,2026-05-07
C1129,여,50,오프라인매장,베이직,2025-07-15,10,16,13.3,1,0,N,
C1130,남,47,제휴이벤트,베이직,2026-02-14,3,16,22.5,0,0,N,
C1131,여,37,오프라인매장,베이직,2023-10-14,32,9,17.4,1,1,N,
C1132,여,32,검색광고,스탠다드,2025-07-27,10,14,22.4,1,1,N,
C1133,남,30,오프라인매장,프리미엄,2026-02-23,3,16,24.4,1,0,N,
C1134,여,44,지인추천,스탠다드,2024-01-26,28,14,16.5,2,0,N,
C1135,남,40,제휴이벤트,베이직,2025-02-10,15,4,6.0,0,0,Y,2026-05-05
C1136,여,46,제휴이벤트,스탠다드,2025-09-27,8,12,24.0,2,0,N,
C1137,남,40,검색광고,스탠다드,2024-05-21,24,13,13.9,1,0,N,
C1138,여,48,검색광고,베이직,2024-02-09,28,7,16.6,1,0,N,
C1139,남,39,검색광고,스탠다드,2024-07-27,22,13,37.2,0,0,N,
C1140,남,47,지인추천,스탠다드,2024-05-23,24,10,18.5,2,0,N,
C1141,남,48,검색광고,프리미엄,2025-07-12,10,13,26.4,1,0,N,
C1142,여,28,오프라인매장,베이직,2024-06-30,23,4,5.1,0,0,Y,2026-04-27
C1143,여,19,지인추천,베이직,2024-07-05,23,24,22.3,1,0,N,
C1144,남,57,제휴이벤트,스탠다드,2026-03-02,3,9,16.9,2,0,N,
C1145,남,41,소셜미디어,베이직,2025-02-06,15,15,15.3,0,0,N,
C1146,남,19,지인추천,베이직,2026-02-14,3,11,5.9,0,1,N,
C1147,여,29,검색광고,스탠다드,2025-06-26,11,16,10.5,1,0,N,
C1148,남,47,제휴이벤트,베이직,2025-12-29,5,9,5.4,0,1,N,
C1149,남,35,검색광고,스탠다드,2023-12-26,29,11,44.2,0,1,N,
C1150,여,32,검색광고,프리미엄,2026-02-24,3,3,6.9,0,1,Y,2026-04-30
C1151,여,55,검색광고,스탠다드,2026-03-02,3,15,18.5,0,0,N,
C1152,남,25,제휴이벤트,스탠다드,2023-07-14,35,8,28.7,1,0,N,
C1153,여,28,검색광고,스탠다드,2024-06-14,23,19,21.2,2,0,N,
C1154,남,41,지인추천,베이직,2024-08-14,21,10,15.2,1,0,N,
C1155,여,43,오프라인매장,베이직,2024-08-20,21,10,15.3,0,0,N,
C1156,남,44,오프라인매장,스탠다드,2025-09-06,8,3,4.0,0,0,Y,2026-04-14
C1157,여,49,검색광고,베이직,2025-06-13,11,9,23.2,1,0,N,
C1158,여,40,검색광고,베이직,2024-01-13,28,14,23.7,0,0,N,
C1159,여,44,소셜미디어,베이직,2025-03-10,14,2,7.5,1,1,Y,2026-03-11
C1160,남,35,검색광고,프리미엄,2026-04-03,1,8,17.1,1,0,N,
C1161,여,39,오프라인매장,베이직,2024-09-11,20,9,23.8,1,0,N,
C1162,남,39,소셜미디어,스탠다드,2026-02-13,3,13,9.9,0,2,N,
C1163,남,41,소셜미디어,베이직,2025-04-22,13,9,21.8,1,0,N,
C1164,여,47,검색광고,스탠다드,2026-02-10,3,7,38.2,1,0,N,
C1165,남,45,지인추천,베이직,2026-01-17,4,1,5.2,0,1,Y,2026-03-25
C1166,여,39,검색광고,베이직,2023-06-18,35,15,16.2,0,2,N,
C1167,여,28,오프라인매장,스탠다드,2025-09-30,8,3,13.3,2,0,Y,2026-04-02
C1168,남,39,검색광고,스탠다드,2023-12-19,29,9,18.7,1,0,N,
C1169,여,38,제휴이벤트,베이직,2025-10-25,7,17,27.4,0,0,N,
C1170,남,40,오프라인매장,베이직,2025-10-08,7,19,22.5,1,1,N,
C1171,여,64,검색광고,베이직,2024-03-02,27,13,23.4,1,1,N,
C1172,남,32,검색광고,베이직,2023-08-10,34,8,12.6,0,0,N,
C1173,여,43,소셜미디어,스탠다드,2024-08-20,21,2,5.0,1,1,Y,2025-08-31
C1174,남,51,검색광고,베이직,2024-04-18,25,13,25.6,1,0,N,
C1175,남,39,검색광고,스탠다드,2025-01-10,16,2,3.3,1,0,Y,2026-05-17
C1176,남,66,제휴이벤트,베이직,2023-08-27,33,13,16.6,1,0,N,
C1177,여,33,지인추천,스탠다드,2023-07-18,34,8,23.8,0,0,N,
C1178,여,42,검색광고,베이직,2024-09-08,21,1,6.5,1,2,Y,2026-05-11
C1179,여,28,지인추천,스탠다드,2025-08-28,9,11,17.2,0,0,N,
C1180,여,34,소셜미디어,베이직,2024-05-01,25,15,38.3,1,0,N,
C1181,여,41,제휴이벤트,프리미엄,2024-05-10,25,18,28.1,1,0,N,
C1182,여,48,검색광고,스탠다드,2023-11-22,30,10,35.2,0,1,N,
C1183,남,42,오프라인매장,프리미엄,2024-03-27,26,13,53.0,1,0,N,
C1184,여,53,오프라인매장,베이직,2024-04-14,25,12,33.7,1,2,N,
C1185,여,37,검색광고,베이직,2024-03-03,27,13,14.5,0,0,N,
C1186,남,34,검색광고,베이직,2024-06-01,24,9,11.4,0,1,N,
C1187,남,69,소셜미디어,베이직,2024-03-28,26,10,14.6,0,0,N,
C1188,여,43,제휴이벤트,스탠다드,2025-05-26,12,9,24.0,0,0,N,
C1189,남,29,지인추천,프리미엄,2024-05-25,24,20,15.4,0,2,N,
C1190,여,30,오프라인매장,스탠다드,2025-08-12,9,12,12.8,0,0,N,
C1191,남,27,오프라인매장,스탠다드,2025-03-06,15,9,37.3,0,1,N,
C1192,남,49,제휴이벤트,베이직,2025-04-13,13,14,15.1,0,0,N,
C1193,여,34,지인추천,베이직,2025-02-11,15,7,23.0,0,0,N,
C1194,남,40,지인추천,스탠다드,2026-02-07,3,2,9.1,0,1,Y,2026-04-04
C1195,남,37,오프라인매장,베이직,2024-02-28,27,13,6.0,0,1,N,
C1196,여,47,소셜미디어,베이직,2026-04-12,1,14,36.2,0,0,N,
C1197,여,28,제휴이벤트,프리미엄,2024-01-06,29,8,9.5,0,0,N,
C1198,남,25,검색광고,프리미엄,2023-10-26,31,3,3.1,0,1,Y,2026-05-13
C1199,남,41,검색광고,스탠다드,2025-10-28,7,3,5.7,0,0,Y,2025-12-09
C1200,여,45,제휴이벤트,베이직,2026-01-10,4,16,11.5,1,2,N,
C1201,여,42,소셜미디어,프리미엄,2023-09-07,33,13,33.3,0,0,N,
C1202,여,28,검색광고,베이직,2025-02-28,15,14,21.1,1,0,N,
C1203,남,46,검색광고,베이직,2024-11-28,18,14,13.5,0,0,N,
C1204,남,29,지인추천,베이직,2024-01-21,28,3,3.0,3,0,Y,2025-07-15
C1205,남,32,제휴이벤트,프리미엄,2024-12-06,18,14,22.3,1,0,N,
C1206,남,27,검색광고,프리미엄,2025-05-31,12,6,15.8,0,0,N,
C1207,여,54,검색광고,스탠다드,2025-02-01,16,5,23.9,1,3,N,
C1208,남,46,소셜미디어,베이직,2024-12-05,18,16,21.1,0,0,N,
C1209,여,45,제휴이벤트,스탠다드,2025-12-30,5,3,4.7,0,3,Y,2026-03-21
C1210,여,53,소셜미디어,베이직,2024-01-27,28,2,10.2,1,0,Y,2026-05-02
C1211,여,69,제휴이벤트,프리미엄,2025-03-26,14,13,8.9,1,0,N,
C1212,남,19,제휴이벤트,베이직,2024-05-03,25,12,15.5,1,0,N,
C1213,여,29,소셜미디어,베이직,2026-04-02,1,3,6.6,1,0,Y,2026-05-01
C1214,여,31,제휴이벤트,스탠다드,2024-02-23,27,12,17.8,0,0,N,
C1215,여,28,오프라인매장,스탠다드,2025-12-14,5,2,3.4,0,0,Y,2026-05-13
C1216,남,25,지인추천,프리미엄,2025-04-04,14,11,32.5,0,0,N,
C1217,남,34,소셜미디어,베이직,2024-01-15,28,19,11.7,0,0,N,
C1218,여,23,제휴이벤트,프리미엄,2025-08-17,9,11,6.6,1,0,N,
C1219,남,42,오프라인매장,베이직,2024-02-12,27,14,21.5,1,0,N,
C1220,남,39,오프라인매장,베이직,2024-03-06,27,9,43.9,0,0,N,
C1221,남,44,제휴이벤트,스탠다드,2024-06-02,24,3,2.4,3,0,Y,2025-07-07
C1222,여,44,지인추천,베이직,2025-05-27,12,6,10.4,2,0,N,
C1223,여,45,제휴이벤트,스탠다드,2024-07-21,22,14,28.3,0,1,N,
C1224,남,34,제휴이벤트,베이직,2025-01-27,16,14,18.4,1,1,N,
C1225,여,63,검색광고,베이직,2025-01-09,16,22,8.8,1,0,N,
C1226,남,41,검색광고,스탠다드,2023-12-27,29,10,16.5,0,0,N,
C1227,여,19,소셜미디어,베이직,2024-02-03,28,4,15.4,1,1,Y,2026-01-22
C1228,여,26,제휴이벤트,스탠다드,2024-04-22,25,3,13.7,0,2,Y,2026-04-24
C1229,남,19,소셜미디어,스탠다드,2024-01-23,28,8,58.0,1,0,N,
C1230,남,38,오프라인매장,베이직,2026-02-03,3,7,26.0,1,0,N,
C1231,남,37,검색광고,스탠다드,2024-07-11,22,12,14.0,1,0,N,
C1232,여,32,소셜미디어,베이직,2024-08-05,22,3,11.2,1,3,Y,2026-05-07
C1233,여,62,지인추천,베이직,2025-05-16,12,11,12.4,0,0,N,
C1234,여,45,검색광고,베이직,2025-09-17,8,15,17.2,0,0,N,
C1235,여,47,제휴이벤트,프리미엄,2025-06-02,12,4,5.0,1,1,Y,2026-04-28
C1236,남,27,검색광고,스탠다드,2025-01-08,16,11,25.9,0,0,N,
C1237,여,26,제휴이벤트,스탠다드,2026-04-05,1,15,24.8,1,0,N,
C1238,남,38,검색광고,프리미엄,2026-01-14,4,16,13.1,0,0,N,
C1239,남,40,제휴이벤트,베이직,2024-01-02,29,17,31.2,0,0,N,
C1240,여,19,지인추천,프리미엄,2023-11-18,30,12,36.1,1,0,N,
C1241,여,36,검색광고,스탠다드,2024-07-23,22,2,5.6,1,1,Y,2026-01-27
C1242,남,38,검색광고,프리미엄,2025-11-06,6,14,22.5,1,0,N,
C1243,여,35,검색광고,프리미엄,2026-03-24,2,3,14.9,2,0,Y,2026-04-27
C1244,여,28,지인추천,프리미엄,2025-06-18,11,10,21.5,1,0,N,
C1245,여,32,제휴이벤트,베이직,2025-06-04,12,16,15.5,1,0,N,
C1246,여,36,소셜미디어,스탠다드,2024-02-04,28,8,17.6,2,0,N,
C1247,남,39,소셜미디어,프리미엄,2025-02-20,15,8,14.0,0,0,N,
C1248,남,45,지인추천,스탠다드,2023-12-14,29,5,31.7,1,0,N,
C1249,남,51,지인추천,베이직,2024-12-26,17,11,29.8,0,1,N,
C1250,여,34,오프라인매장,프리미엄,2023-12-24,29,11,48.1,1,0,N,
C1251,여,33,지인추천,베이직,2023-08-20,33,9,12.2,0,0,N,
C1252,남,43,오프라인매장,스탠다드,2026-03-27,2,10,13.5,0,0,N,
C1253,남,45,제휴이벤트,스탠다드,2026-01-07,4,5,3.2,0,0,Y,2026-03-22
C1254,남,33,소셜미디어,베이직,2025-05-30,12,13,24.1,1,1,N,
C1255,여,47,검색광고,스탠다드,2025-03-28,14,11,9.7,0,0,N,
C1256,여,50,검색광고,베이직,2024-02-11,28,15,46.9,1,1,N,
C1257,남,54,지인추천,스탠다드,2025-01-29,16,12,11.5,1,0,N,
C1258,남,59,소셜미디어,프리미엄,2025-08-05,9,11,48.3,0,3,N,
C1259,여,28,제휴이벤트,베이직,2024-12-26,17,15,2.5,1,0,N,
C1260,남,38,지인추천,스탠다드,2024-03-27,26,9,5.7,1,0,N,
C1261,여,38,지인추천,베이직,2024-07-22,22,19,9.5,0,0,N,
C1262,남,37,오프라인매장,프리미엄,2025-11-12,6,8,21.2,0,0,N,
C1263,남,30,소셜미디어,프리미엄,2024-02-27,27,13,17.5,0,0,N,
C1264,여,20,제휴이벤트,베이직,2026-03-20,2,8,11.4,0,0,N,
C1265,남,39,검색광고,스탠다드,2025-08-13,9,14,17.0,2,0,N,
C1266,남,29,지인추천,스탠다드,2026-01-04,4,11,13.2,0,0,N,
C1267,남,39,제휴이벤트,스탠다드,2024-11-24,18,3,9.5,0,0,Y,2025-01-19
C1268,남,28,오프라인매장,스탠다드,2024-01-25,28,15,9.9,0,0,N,
C1269,남,25,제휴이벤트,스탠다드,2023-07-07,35,17,19.7,1,0,N,
C1270,남,41,소셜미디어,스탠다드,2024-12-21,17,11,20.1,0,2,N,
C1271,남,40,제휴이벤트,베이직,2024-07-30,22,12,17.8,0,0,N,
C1272,남,45,지인추천,베이직,2023-09-30,32,3,8.9,0,0,Y,2026-04-30
C1273,여,64,지인추천,프리미엄,2026-02-13,3,12,16.9,0,0,N,
C1274,여,41,검색광고,베이직,2026-03-30,2,4,10.3,3,0,Y,2026-04-20
C1275,남,44,검색광고,스탠다드,2024-07-03,23,6,17.8,0,0,N,
C1276,남,25,지인추천,베이직,2025-05-12,12,12,32.4,1,1,N,
C1277,여,23,검색광고,프리미엄,2024-08-14,21,7,19.6,0,0,N,
C1278,여,57,오프라인매장,스탠다드,2024-11-11,18,14,31.4,0,2,N,
C1279,여,27,제휴이벤트,베이직,2025-03-26,14,16,13.3,2,0,N,
C1280,남,25,제휴이벤트,베이직,2024-08-17,21,3,4.2,3,3,Y,2026-02-12
C1281,남,38,검색광고,베이직,2025-10-01,8,9,25.7,0,0,N,
C1282,남,37,제휴이벤트,프리미엄,2023-12-19,29,13,17.9,1,0,N,
C1283,남,27,검색광고,스탠다드,2025-05-12,12,11,4.6,0,0,N,
C1284,여,34,지인추천,스탠다드,2026-04-13,1,17,12.1,1,0,N,
C1285,남,53,제휴이벤트,스탠다드,2025-11-22,6,7,21.2,0,0,N,
C1286,남,28,검색광고,베이직,2023-07-19,34,4,17.1,1,0,N,
C1287,남,21,검색광고,베이직,2023-09-30,32,13,11.8,1,0,N,
C1288,여,49,검색광고,베이직,2025-03-31,14,10,17.8,0,0,N,
C1289,남,44,지인추천,베이직,2026-02-09,3,3,7.8,0,1,Y,2026-04-05
C1290,여,31,제휴이벤트,스탠다드,2025-11-15,6,13,6.6,0,0,N,
C1291,남,19,검색광고,프리미엄,2026-01-18,4,14,31.0,0,0,N,
C1292,여,29,검색광고,프리미엄,2023-11-07,31,5,34.4,2,0,N,
C1293,남,37,지인추천,프리미엄,2024-12-04,18,15,12.1,0,0,N,
C1294,여,52,검색광고,스탠다드,2025-07-13,10,3,17.2,1,1,Y,2026-02-07
C1295,여,26,오프라인매장,베이직,2025-03-27,14,8,17.2,0,1,N,
C1296,여,37,제휴이벤트,스탠다드,2025-09-05,8,18,12.8,0,0,N,
C1297,여,46,오프라인매장,프리미엄,2024-01-13,28,11,12.6,0,0,N,
C1298,여,19,제휴이벤트,스탠다드,2024-09-29,20,12,41.7,0,2,N,
C1299,여,50,지인추천,스탠다드,2024-09-20,20,12,10.0,0,0,N,
C1300,여,24,제휴이벤트,스탠다드,2026-02-25,3,9,19.6,1,1,N,
C1301,남,42,검색광고,스탠다드,2024-01-02,29,12,20.8,0,0,N,
C1302,여,41,검색광고,프리미엄,2024-05-13,24,21,25.8,0,0,N,
C1303,여,51,오프라인매장,스탠다드,2023-06-24,35,9,18.8,0,0,N,
C1304,여,45,검색광고,베이직,2023-11-09,31,13,40.2,2,0,N,
C1305,남,19,제휴이벤트,베이직,2026-04-10,1,3,17.6,0,1,Y,2026-05-05
C1306,남,29,오프라인매장,스탠다드,2025-11-19,6,11,35.6,0,0,N,
C1307,여,40,제휴이벤트,베이직,2024-03-02,27,14,21.8,0,0,N,
C1308,남,36,소셜미디어,프리미엄,2025-06-17,11,8,28.4,0,0,N,
C1309,남,44,지인추천,스탠다드,2025-02-21,15,13,15.4,1,1,N,
C1310,남,47,오프라인매장,스탠다드,2026-01-21,4,12,31.5,0,2,N,
C1311,남,45,검색광고,베이직,2024-04-15,25,12,13.2,0,0,N,
C1312,남,35,지인추천,스탠다드,2026-04-24,1,18,11.0,0,1,N,
C1313,남,19,오프라인매장,스탠다드,2024-06-29,23,11,10.8,0,0,N,
C1314,남,33,제휴이벤트,베이직,2025-07-03,11,15,24.1,2,1,N,
C1315,남,43,오프라인매장,프리미엄,2024-07-28,22,18,37.8,0,0,N,
C1316,남,25,검색광고,베이직,2025-05-16,12,9,39.3,0,0,N,
C1317,여,46,지인추천,베이직,2024-05-22,24,10,4.8,0,0,N,
C1318,남,49,지인추천,베이직,2025-11-15,6,16,29.3,1,0,N,
C1319,여,40,검색광고,스탠다드,2025-04-09,13,10,10.6,2,0,N,
C1320,여,19,소셜미디어,스탠다드,2024-04-03,26,2,21.0,3,0,Y,2026-02-23
C1321,남,23,소셜미디어,프리미엄,2026-03-20,2,10,8.7,1,0,N,
C1322,남,61,검색광고,베이직,2025-06-25,11,16,6.7,0,1,N,
C1323,여,31,지인추천,프리미엄,2024-08-30,21,15,29.6,1,0,N,
C1324,여,19,검색광고,스탠다드,2023-10-23,31,18,14.9,0,0,N,
C1325,여,53,지인추천,베이직,2026-04-02,1,3,5.8,0,1,Y,2026-05-01
C1326,여,38,검색광고,베이직,2025-08-13,9,17,12.0,0,0,N,
C1327,여,51,오프라인매장,베이직,2025-05-12,12,15,13.1,0,0,N,
C1328,여,41,검색광고,프리미엄,2025-11-04,6,18,30.3,0,1,N,
C1329,남,44,제휴이벤트,베이직,2025-03-08,14,9,10.8,0,0,N,
C1330,여,42,검색광고,스탠다드,2024-02-03,28,12,16.9,1,1,N,
C1331,남,46,지인추천,스탠다드,2024-02-08,28,14,10.1,1,0,N,
C1332,여,65,소셜미디어,프리미엄,2023-08-24,33,4,7.7,2,0,Y,2025-07-03
C1333,여,50,검색광고,스탠다드,2023-08-07,34,16,14.3,0,2,N,
C1334,남,19,지인추천,스탠다드,2025-07-16,10,13,23.0,1,0,N,
C1335,여,43,제휴이벤트,베이직,2025-11-24,6,9,24.6,1,0,N,
C1336,남,52,제휴이벤트,프리미엄,2023-11-22,30,3,15.2,1,2,Y,2026-02-11
C1337,여,52,소셜미디어,베이직,2025-02-01,16,11,50.8,0,2,N,
C1338,남,33,검색광고,베이직,2023-10-10,32,17,12.6,1,1,N,
C1339,여,52,오프라인매장,프리미엄,2024-08-15,21,12,26.0,0,0,N,
C1340,남,49,지인추천,베이직,2025-09-20,8,3,14.2,0,0,N,
C1341,여,69,검색광고,베이직,2025-10-12,7,12,24.2,1,0,N,
C1342,여,29,오프라인매장,스탠다드,2026-03-07,2,4,9.5,0,1,Y,2026-04-18
C1343,여,32,지인추천,베이직,2024-04-26,25,9,23.3,1,0,N,
C1344,여,34,오프라인매장,베이직,2026-03-07,2,3,10.8,3,0,Y,2026-04-18
C1345,여,32,소셜미디어,스탠다드,2025-09-12,8,9,19.8,0,0,N,
C1346,여,27,소셜미디어,스탠다드,2024-05-26,24,9,14.9,1,0,N,
C1347,남,19,검색광고,스탠다드,2024-05-15,24,3,7.7,0,0,Y,2025-01-19
C1348,여,33,오프라인매장,베이직,2023-09-23,32,9,48.9,0,0,N,
C1349,남,42,검색광고,스탠다드,2026-02-05,3,12,13.4,0,0,N,
C1350,여,32,오프라인매장,프리미엄,2024-01-03,29,12,15.5,1,0,N,
C1351,남,61,오프라인매장,베이직,2024-03-12,27,12,12.1,0,0,N,
C1352,여,38,오프라인매장,베이직,2024-08-13,21,2,2.4,0,1,Y,2026-01-08
C1353,여,53,검색광고,베이직,2023-10-25,31,10,17.7,0,0,N,
C1354,남,41,소셜미디어,스탠다드,2025-10-06,7,11,25.0,0,0,N,
C1355,여,48,소셜미디어,베이직,2025-06-13,11,24,11.0,3,0,N,
C1356,여,41,지인추천,스탠다드,2023-11-14,30,13,35.1,0,0,N,
C1357,여,54,제휴이벤트,프리미엄,2023-11-21,30,12,22.7,0,0,N,
C1358,남,39,소셜미디어,베이직,2023-06-24,35,10,30.4,1,2,N,
C1359,여,44,제휴이벤트,스탠다드,2026-03-08,2,2,8.6,1,0,Y,2026-04-12
C1360,여,42,검색광고,베이직,2024-09-07,21,16,16.8,1,0,N,
C1361,남,35,소셜미디어,베이직,2025-04-29,13,7,15.1,0,1,N,
C1362,남,43,검색광고,스탠다드,2023-11-07,31,3,8.4,2,2,Y,2025-07-12
C1363,남,65,오프라인매장,베이직,2024-02-01,28,20,22.1,3,0,N,
C1364,여,35,검색광고,프리미엄,2024-12-28,17,16,13.9,0,0,N,
C1365,남,43,소셜미디어,스탠다드,2024-01-09,29,10,16.6,1,0,N,
C1366,여,53,오프라인매장,베이직,2025-03-14,14,10,44.1,0,0,N,
C1367,여,52,지인추천,베이직,2026-02-08,3,8,19.5,0,0,N,
C1368,남,38,검색광고,베이직,2024-04-20,25,11,20.5,0,0,N,
C1369,여,19,검색광고,프리미엄,2025-03-09,14,8,38.8,1,0,N,
C1370,여,44,지인추천,스탠다드,2026-01-31,4,12,22.3,0,0,N,
C1371,남,19,소셜미디어,베이직,2026-01-07,4,4,7.3,0,0,Y,2026-02-05
C1372,남,56,검색광고,스탠다드,2023-06-09,36,8,30.0,0,0,N,
C1373,남,40,지인추천,스탠다드,2023-09-26,32,10,26.6,0,0,N,
C1374,남,50,검색광고,스탠다드,2026-04-16,1,12,20.8,0,1,N,
C1375,남,27,지인추천,베이직,2026-02-10,3,2,8.7,0,0,Y,2026-04-06
C1376,여,19,소셜미디어,베이직,2024-05-08,25,15,15.8,0,0,N,
C1377,남,41,검색광고,베이직,2024-12-05,18,14,9.7,1,0,N,
C1378,남,38,검색광고,베이직,2025-01-31,16,10,24.7,1,0,N,
C1379,여,32,검색광고,스탠다드,2025-05-12,12,14,7.6,1,0,N,
C1380,여,39,검색광고,베이직,2025-08-08,9,13,10.0,0,0,N,
C1381,여,69,소셜미디어,베이직,2024-07-02,23,12,16.5,1,0,N,
C1382,여,48,제휴이벤트,베이직,2026-01-03,4,12,15.6,0,0,N,
C1383,남,51,제휴이벤트,베이직,2023-08-02,34,14,26.1,1,0,N,
C1384,남,48,소셜미디어,프리미엄,2023-07-05,35,12,29.5,0,1,N,
C1385,여,56,지인추천,스탠다드,2026-03-17,2,4,18.9,1,3,Y,2026-04-23
C1386,여,36,지인추천,베이직,2023-12-06,30,11,7.0,3,0,N,
C1387,여,19,제휴이벤트,스탠다드,2026-04-25,1,2,9.3,1,0,Y,2026-05-13
C1388,남,36,검색광고,베이직,2024-03-31,26,11,22.8,0,1,N,
C1389,여,48,소셜미디어,프리미엄,2024-06-23,23,12,21.4,1,0,N,
C1390,여,26,소셜미디어,스탠다드,2023-06-30,35,6,24.7,1,0,N,
C1391,남,36,검색광고,스탠다드,2026-03-02,3,5,10.9,0,2,Y,2026-04-16
C1392,여,30,소셜미디어,프리미엄,2024-06-17,23,21,35.7,0,0,N,
C1393,여,56,제휴이벤트,프리미엄,2023-11-26,30,7,21.7,0,0,N,
C1394,남,47,제휴이벤트,프리미엄,2024-10-27,19,17,41.1,0,0,N,
C1395,남,46,검색광고,베이직,2023-11-12,31,15,21.8,0,0,N,
C1396,여,45,소셜미디어,베이직,2025-09-19,8,15,14.5,3,0,N,
C1397,남,38,소셜미디어,스탠다드,2023-08-17,33,8,20.8,0,0,N,
C1398,남,40,지인추천,스탠다드,2024-11-13,18,14,11.6,1,0,N,
C1399,남,24,지인추천,스탠다드,2024-07-21,22,9,11.9,0,0,N,
C1400,남,19,검색광고,스탠다드,2023-07-10,35,20,17.2,1,2,N,
C1401,여,40,제휴이벤트,베이직,2023-07-26,34,4,6.4,1,0,Y,2026-03-08
C1402,여,42,제휴이벤트,베이직,2024-12-04,18,12,35.2,0,0,N,
C1403,남,53,오프라인매장,스탠다드,2024-07-25,22,7,17.1,0,0,N,
C1404,여,57,오프라인매장,베이직,2023-10-17,31,13,10.7,2,0,N,
C1405,여,57,지인추천,스탠다드,2023-10-26,31,14,18.8,0,0,N,
C1406,남,26,소셜미디어,스탠다드,2025-10-05,7,22,21.7,1,0,N,
C1407,여,34,검색광고,스탠다드,2025-07-18,10,15,19.9,1,0,N,
C1408,남,44,지인추천,스탠다드,2025-03-09,14,10,10.4,1,0,N,
C1409,여,68,검색광고,스탠다드,2025-11-04,6,19,37.1,0,0,N,
C1410,여,56,제휴이벤트,스탠다드,2023-08-13,34,10,6.5,1,0,N,
C1411,여,51,소셜미디어,베이직,2025-06-02,12,10,19.7,1,0,N,
C1412,남,33,소셜미디어,스탠다드,2025-08-10,9,4,4.1,0,0,Y,2026-01-04
C1413,여,27,소셜미디어,스탠다드,2023-12-31,29,12,30.8,0,1,N,
C1414,남,47,제휴이벤트,베이직,2024-12-23,17,3,9.3,1,0,Y,2026-01-19
C1415,남,25,검색광고,스탠다드,2025-08-25,9,9,21.7,2,0,N,
C1416,남,35,검색광고,프리미엄,2025-03-04,15,7,16.4,0,0,N,
C1417,여,37,검색광고,베이직,2024-02-21,27,10,35.5,2,0,N,
C1418,남,57,오프라인매장,스탠다드,2025-05-08,12,20,16.4,1,0,N,
C1419,여,34,제휴이벤트,프리미엄,2025-08-17,9,3,17.2,1,0,Y,2026-01-07
C1420,여,19,검색광고,프리미엄,2023-06-11,36,7,11.7,0,0,N,
C1421,남,44,제휴이벤트,베이직,2025-01-25,16,16,18.9,0,2,N,
C1422,남,30,소셜미디어,스탠다드,2024-11-19,18,9,27.0,1,1,N,
C1423,남,39,지인추천,프리미엄,2024-06-25,23,14,24.1,0,0,N,
C1424,여,37,검색광고,스탠다드,2023-07-18,34,4,18.1,0,0,N,
C1425,여,35,지인추천,베이직,2023-08-28,33,16,7.0,1,0,N,
C1426,남,47,오프라인매장,베이직,2025-08-07,9,7,20.4,0,0,N,
C1427,여,20,지인추천,스탠다드,2025-10-29,7,18,15.4,2,0,N,
C1428,남,32,검색광고,베이직,2024-08-20,21,5,13.5,0,0,N,
C1429,여,46,제휴이벤트,베이직,2026-02-25,3,14,27.8,0,0,N,
C1430,여,31,제휴이벤트,베이직,2026-02-12,3,17,6.2,0,0,N,
C1431,여,19,소셜미디어,스탠다드,2025-05-10,12,10,18.5,0,0,N,
C1432,여,46,지인추천,스탠다드,2025-02-08,15,10,3.4,0,0,N,
C1433,여,51,오프라인매장,프리미엄,2026-03-24,2,15,24.2,0,2,N,
C1434,남,37,검색광고,스탠다드,2025-03-11,14,15,27.9,1,0,N,
C1435,남,19,제휴이벤트,프리미엄,2026-02-19,3,13,20.3,0,0,N,
C1436,남,46,소셜미디어,프리미엄,2026-04-08,1,12,14.6,1,0,N,
C1437,여,19,오프라인매장,베이직,2023-12-25,29,8,35.2,1,0,N,
C1438,여,42,검색광고,스탠다드,2025-05-04,13,10,36.4,1,0,N,
C1439,여,27,소셜미디어,베이직,2025-07-18,10,2,8.9,0,0,Y,2026-03-14
C1440,여,24,지인추천,프리미엄,2025-10-21,7,14,39.1,1,0,N,
C1441,남,33,지인추천,베이직,2024-06-07,24,14,11.7,0,0,N,
C1442,여,36,제휴이벤트,스탠다드,2025-12-04,5,13,17.6,0,0,N,
C1443,남,30,제휴이벤트,프리미엄,2024-11-01,19,4,4.5,0,0,N,
C1444,남,45,검색광고,베이직,2024-07-16,22,6,9.8,0,0,N,
C1445,여,33,소셜미디어,프리미엄,2023-11-15,30,10,9.3,0,0,N,
C1446,여,50,소셜미디어,베이직,2024-05-08,25,2,9.6,0,2,Y,2025-02-03
C1447,여,41,지인추천,베이직,2026-04-04,1,12,10.2,1,0,N,
C1448,남,30,지인추천,스탠다드,2025-07-02,11,18,5.9,0,1,N,
C1449,여,28,제휴이벤트,베이직,2025-07-13,10,14,12.9,1,0,N,
C1450,남,19,오프라인매장,스탠다드,2026-01-09,4,15,13.8,0,0,N,
C1451,여,41,검색광고,프리미엄,2024-03-11,27,12,8.7,1,0,N,
C1452,여,34,소셜미디어,베이직,2025-05-05,13,3,7.8,0,0,Y,2026-04-30
C1453,남,19,지인추천,스탠다드,2024-06-30,23,9,21.3,2,0,N,
C1454,남,32,소셜미디어,프리미엄,2025-11-20,6,10,7.5,1,0,N,
C1455,남,27,검색광고,스탠다드,2024-08-23,21,11,26.0,1,0,N,
C1456,여,57,소셜미디어,베이직,2025-11-27,6,13,11.3,0,0,N,
C1457,남,19,소셜미디어,프리미엄,2025-08-05,9,3,5.5,1,1,Y,2026-03-27
C1458,여,21,검색광고,베이직,2025-08-31,9,14,23.4,1,0,N,
C1459,여,51,오프라인매장,스탠다드,2026-02-10,3,14,13.8,1,0,N,
C1460,여,54,소셜미디어,스탠다드,2025-09-20,8,14,9.9,0,0,N,
C1461,남,29,지인추천,스탠다드,2024-05-08,25,14,18.9,1,1,N,
C1462,여,30,지인추천,베이직,2024-12-07,18,6,31.0,0,2,N,
C1463,남,45,제휴이벤트,베이직,2024-10-16,19,3,11.6,0,0,Y,2025-02-03
C1464,여,19,검색광고,스탠다드,2023-08-08,34,15,13.1,1,0,N,
C1465,여,19,검색광고,베이직,2025-02-21,15,9,10.8,1,0,N,
C1466,여,35,소셜미디어,스탠다드,2024-09-08,21,9,12.1,1,0,N,
C1467,여,57,소셜미디어,스탠다드,2024-07-23,22,8,29.3,0,1,N,
C1468,남,33,소셜미디어,스탠다드,2023-09-25,32,11,12.0,0,0,N,
C1469,여,39,오프라인매장,베이직,2024-11-18,18,10,38.2,0,0,N,
C1470,남,52,검색광고,베이직,2025-02-06,15,4,9.3,2,0,Y,2026-02-18
C1471,남,63,검색광고,프리미엄,2023-09-21,32,11,17.8,3,1,N,
C1472,남,31,소셜미디어,베이직,2025-04-07,13,5,5.2,0,0,Y,2025-11-02
C1473,남,38,오프라인매장,베이직,2023-11-26,30,10,19.0,0,0,N,
C1474,남,60,제휴이벤트,베이직,2023-11-02,31,3,3.9,1,0,Y,2026-02-09
C1475,남,20,오프라인매장,베이직,2024-08-01,22,11,7.7,1,0,N,
C1476,남,50,지인추천,프리미엄,2024-07-19,22,21,23.4,1,1,N,
C1477,여,26,오프라인매장,베이직,2026-01-30,4,9,17.7,0,0,N,
C1478,여,39,오프라인매장,베이직,2023-08-12,34,3,10.6,1,2,Y,2026-04-10
C1479,남,35,검색광고,스탠다드,2024-06-07,24,10,21.0,0,0,N,
C1480,남,27,지인추천,베이직,2025-07-22,10,9,12.8,0,0,N,
C1481,남,26,오프라인매장,베이직,2024-02-22,27,16,29.1,1,0,N,
C1482,여,41,소셜미디어,프리미엄,2026-04-11,1,10,13.7,0,0,N,
C1483,남,50,오프라인매장,스탠다드,2025-07-31,10,12,33.2,1,1,N,
C1484,남,36,지인추천,베이직,2026-03-04,2,16,13.4,0,0,N,
C1485,남,39,지인추천,베이직,2026-03-07,2,20,8.4,0,0,N,
C1486,남,45,검색광고,베이직,2023-09-25,32,17,36.2,1,0,N,
C1487,남,26,오프라인매장,베이직,2024-10-01,20,7,13.2,0,0,N,
C1488,여,47,제휴이벤트,스탠다드,2025-08-01,10,10,13.7,0,2,N,
C1489,여,48,검색광고,스탠다드,2023-06-10,36,4,3.4,0,1,Y,2026-05-18
C1490,여,69,소셜미디어,스탠다드,2024-09-24,20,11,17.0,1,0,N,
C1491,여,33,검색광고,프리미엄,2025-06-02,12,13,9.2,1,0,N,
C1492,여,33,검색광고,베이직,2025-09-22,8,12,35.1,1,0,N,
C1493,남,47,제휴이벤트,프리미엄,2024-08-16,21,3,5.9,2,2,Y,2025-08-06
C1494,여,48,지인추천,스탠다드,2025-12-06,5,7,10.9,0,0,N,
C1495,여,32,소셜미디어,베이직,2025-05-18,12,2,7.4,3,2,Y,2026-02-06
C1496,남,33,소셜미디어,프리미엄,2023-07-19,34,3,20.1,0,1,Y,2025-08-02
C1497,여,44,제휴이벤트,베이직,2024-03-22,26,16,19.0,0,0,N,
C1498,남,28,소셜미디어,스탠다드,2026-02-23,3,11,15.9,1,0,N,
C1499,여,33,오프라인매장,스탠다드,2023-06-03,36,12,18.3,0,0,N,
C1500,여,39,소셜미디어,베이직,2023-09-24,32,13,27.2,1,0,N,
C1501,여,50,검색광고,프리미엄,2024-06-01,24,8,25.9,1,0,N,
C1502,여,31,오프라인매장,베이직,2026-04-24,1,17,20.6,1,0,N,
C1503,여,19,검색광고,프리미엄,2025-06-20,11,16,29.7,1,0,N,
C1504,여,19,오프라인매장,베이직,2023-11-05,31,18,18.8,0,0,N,
C1505,여,23,소셜미디어,베이직,2024-07-23,22,18,16.6,0,1,N,
C1506,남,22,오프라인매장,베이직,2026-02-25,3,14,18.6,1,1,N,
C1507,여,36,오프라인매장,프리미엄,2024-01-20,28,24,13.5,0,0,N,
C1508,남,24,오프라인매장,베이직,2025-02-02,16,20,27.5,1,0,N,
C1509,남,30,검색광고,프리미엄,2024-10-07,20,16,13.1,0,0,N,
C1510,남,29,오프라인매장,베이직,2025-08-18,9,13,5.5,0,0,N,
C1511,여,33,제휴이벤트,스탠다드,2025-08-10,9,16,7.6,0,0,N,
C1512,남,54,검색광고,베이직,2025-11-04,6,12,21.7,0,0,N,
C1513,남,46,소셜미디어,베이직,2023-10-06,32,15,12.0,0,0,N,
C1514,남,38,제휴이벤트,프리미엄,2024-09-26,20,14,26.2,0,0,N,
C1515,남,32,검색광고,베이직,2025-06-06,11,14,17.8,0,1,N,
C1516,남,33,오프라인매장,스탠다드,2024-08-20,21,12,27.4,1,0,N,
C1517,여,42,오프라인매장,스탠다드,2025-05-11,12,4,2.3,0,3,Y,2026-05-08
C1518,남,45,검색광고,스탠다드,2025-04-08,13,9,13.1,0,1,N,
C1519,여,27,지인추천,스탠다드,2024-06-29,23,11,10.7,1,0,N,
C1520,여,38,지인추천,프리미엄,2023-09-15,32,9,55.2,1,0,N,
C1521,남,19,소셜미디어,스탠다드,2026-03-30,2,4,5.7,0,1,Y,2026-05-06
C1522,남,41,제휴이벤트,스탠다드,2025-10-27,7,9,7.6,0,0,N,
C1523,여,47,검색광고,스탠다드,2026-01-08,4,13,21.5,1,0,N,
C1524,남,35,소셜미디어,스탠다드,2024-04-15,25,10,10.2,0,0,N,
C1525,남,60,제휴이벤트,베이직,2024-05-02,25,13,28.8,0,0,N,
C1526,여,27,검색광고,스탠다드,2024-05-10,25,8,31.2,1,0,N,
C1527,여,41,제휴이벤트,베이직,2023-07-04,35,19,10.8,1,0,N,
C1528,여,38,검색광고,스탠다드,2023-11-28,30,13,40.7,0,1,N,
C1529,남,37,지인추천,프리미엄,2024-04-24,25,11,12.2,0,0,N,
C1530,여,37,검색광고,프리미엄,2026-04-17,1,11,20.5,1,2,N,
C1531,여,39,오프라인매장,프리미엄,2024-01-05,29,8,29.2,0,1,N,
C1532,남,48,오프라인매장,스탠다드,2024-11-22,18,13,21.7,1,0,N,
C1533,여,55,제휴이벤트,스탠다드,2025-01-03,17,14,14.3,0,1,N,
C1534,남,38,제휴이벤트,베이직,2024-06-18,23,9,8.4,0,0,N,
C1535,남,48,오프라인매장,스탠다드,2026-02-03,3,12,39.9,1,0,N,
C1536,여,30,오프라인매장,베이직,2023-09-08,33,6,8.8,2,2,Y,2025-07-03
C1537,남,47,지인추천,베이직,2025-12-13,5,6,44.2,0,2,N,
C1538,남,29,제휴이벤트,프리미엄,2025-08-01,10,4,9.4,3,0,Y,2025-12-30
C1539,여,51,지인추천,프리미엄,2024-04-21,25,8,41.2,1,1,N,
C1540,여,65,제휴이벤트,스탠다드,2025-08-26,9,9,11.6,1,0,N,
C1541,여,37,검색광고,베이직,2024-08-30,21,12,12.1,1,2,N,
C1542,여,19,지인추천,스탠다드,2026-03-30,2,4,6.5,2,0,Y,2026-04-30
C1543,여,31,오프라인매장,베이직,2023-07-09,35,13,11.1,0,0,N,
C1544,남,53,검색광고,프리미엄,2023-07-02,35,13,6.9,0,1,N,
C1545,남,45,검색광고,프리미엄,2024-12-31,17,3,5.1,0,0,Y,2026-04-05
C1546,남,41,제휴이벤트,베이직,2026-02-17,3,3,9.4,1,0,Y,2026-04-28
C1547,남,50,소셜미디어,베이직,2023-08-07,34,3,3.6,3,1,Y,2026-05-13
C1548,여,44,검색광고,베이직,2025-09-06,8,6,9.6,1,1,N,
C1549,남,53,소셜미디어,베이직,2026-02-24,3,9,13.2,0,0,N,
C1550,남,49,소셜미디어,베이직,2024-10-30,19,8,10.4,0,0,N,
C1551,남,56,지인추천,베이직,2025-12-10,5,15,13.6,1,0,N,
C1552,남,42,제휴이벤트,베이직,2025-08-15,9,2,6.8,0,0,Y,2025-09-06
C1553,여,49,제휴이벤트,베이직,2024-01-15,28,14,9.4,1,0,N,
C1554,남,34,오프라인매장,베이직,2025-11-26,6,4,5.4,1,0,Y,2025-12-16
C1555,남,31,오프라인매장,스탠다드,2025-06-14,11,16,17.7,1,0,N,
C1556,남,58,소셜미디어,베이직,2023-06-14,36,8,11.3,2,2,N,
C1557,남,41,제휴이벤트,프리미엄,2025-01-25,16,9,8.4,0,1,N,
C1558,여,48,검색광고,베이직,2025-04-27,13,3,4.7,1,0,Y,2026-05-21
C1559,남,39,검색광고,베이직,2025-10-01,8,4,5.9,1,0,Y,2026-01-30
C1560,남,31,제휴이벤트,베이직,2025-08-30,9,1,2.6,1,1,Y,2026-01-14
C1561,남,38,제휴이벤트,스탠다드,2024-10-19,19,3,9.4,1,1,Y,2026-03-27
C1562,여,55,소셜미디어,베이직,2024-04-14,25,13,15.1,0,0,N,
C1563,여,45,오프라인매장,스탠다드,2023-12-22,29,13,11.8,0,0,N,
C1564,여,19,소셜미디어,베이직,2023-09-03,33,3,2.9,3,0,Y,2025-02-15
C1565,여,35,소셜미디어,프리미엄,2025-04-12,13,11,22.1,1,0,N,
C1566,여,59,소셜미디어,베이직,2026-03-19,2,17,31.3,1,0,N,
C1567,남,35,검색광고,베이직,2023-08-25,33,14,13.0,0,0,N,
C1568,남,19,지인추천,프리미엄,2025-06-18,11,15,42.2,2,1,N,
C1569,여,61,소셜미디어,베이직,2025-02-12,15,4,17.3,0,1,N,
C1570,남,46,지인추천,베이직,2023-12-01,30,13,17.6,1,0,N,
C1571,여,37,검색광고,프리미엄,2024-01-13,28,15,26.9,0,0,N,
C1572,남,34,제휴이벤트,베이직,2024-03-29,26,6,22.6,1,0,N,
C1573,여,51,지인추천,베이직,2025-05-30,12,15,9.0,0,0,N,
C1574,여,31,제휴이벤트,베이직,2024-04-14,25,15,12.8,1,0,N,
C1575,여,52,검색광고,베이직,2025-10-29,7,3,11.7,1,2,Y,2026-01-10
C1576,여,45,지인추천,프리미엄,2024-06-28,23,8,22.9,1,0,N,
C1577,여,41,제휴이벤트,스탠다드,2023-09-25,32,14,42.4,2,0,N,
C1578,여,40,소셜미디어,스탠다드,2023-09-10,33,15,21.1,1,0,N,
C1579,남,36,검색광고,베이직,2024-07-31,22,12,23.3,0,0,N,
C1580,남,51,소셜미디어,스탠다드,2024-08-08,22,14,11.8,4,1,N,
C1581,여,28,소셜미디어,스탠다드,2025-07-21,10,12,31.1,0,2,N,
C1582,남,19,소셜미디어,베이직,2024-10-22,19,5,4.4,0,0,N,
C1583,남,45,소셜미디어,프리미엄,2023-11-22,30,14,19.2,0,1,N,
C1584,여,46,소셜미디어,스탠다드,2024-01-14,28,10,23.6,1,0,N,
C1585,여,44,지인추천,스탠다드,2025-01-24,16,15,20.4,1,1,N,
C1586,남,43,검색광고,베이직,2024-05-21,24,12,17.3,0,0,N,
C1587,남,34,소셜미디어,베이직,2025-05-16,12,15,16.3,1,0,N,
C1588,남,47,오프라인매장,스탠다드,2026-02-08,3,16,17.7,1,0,N,
C1589,남,37,검색광고,스탠다드,2024-06-12,23,11,9.8,1,1,N,
C1590,여,32,검색광고,베이직,2025-01-08,16,18,20.4,1,1,N,
C1591,남,34,검색광고,베이직,2025-11-03,6,6,11.8,1,0,N,
C1592,남,62,검색광고,프리미엄,2024-01-11,29,16,13.0,0,1,N,
C1593,여,19,지인추천,베이직,2024-11-25,18,12,9.2,1,0,N,
C1594,남,44,검색광고,베이직,2024-04-21,25,8,61.4,2,0,N,
C1595,남,19,소셜미디어,스탠다드,2025-03-29,14,11,19.6,1,0,N,
C1596,여,37,제휴이벤트,베이직,2025-07-31,10,16,8.1,0,0,N,
C1597,여,33,제휴이벤트,베이직,2023-10-29,31,19,18.6,0,0,N,
C1598,여,19,검색광고,베이직,2023-12-17,29,3,12.4,1,0,Y,2026-04-29
C1599,여,43,소셜미디어,프리미엄,2023-06-25,35,11,20.2,0,0,N,
C1600,남,33,소셜미디어,베이직,2023-06-13,36,14,17.1,0,0,N,
C1601,여,19,제휴이벤트,스탠다드,2023-07-25,34,3,4.5,1,0,Y,2025-08-03
C1602,여,48,제휴이벤트,프리미엄,2025-06-22,11,11,20.3,0,0,N,
C1603,여,55,검색광고,스탠다드,2026-01-18,4,12,25.5,0,0,N,
C1604,여,56,검색광고,스탠다드,2024-08-10,21,14,25.6,0,0,N,
C1605,여,42,소셜미디어,스탠다드,2025-12-27,5,23,19.3,0,0,N,
C1606,여,39,제휴이벤트,베이직,2025-07-17,10,13,19.3,1,2,N,
C1607,남,54,제휴이벤트,스탠다드,2025-10-08,7,4,13.4,0,3,Y,2026-05-12
C1608,여,58,검색광고,프리미엄,2025-07-27,10,11,31.7,1,0,N,
C1609,남,52,지인추천,스탠다드,2023-12-30,29,11,15.9,0,2,N,
C1610,여,27,검색광고,베이직,2024-12-09,17,12,40.6,0,0,N,
C1611,여,40,오프라인매장,베이직,2024-12-11,17,17,8.2,2,1,N,
C1612,여,43,제휴이벤트,프리미엄,2025-04-14,13,15,19.7,1,0,N,
C1613,여,19,소셜미디어,베이직,2025-09-25,8,7,20.8,0,0,N,
C1614,남,44,검색광고,프리미엄,2023-09-28,32,15,10.9,0,0,N,
C1615,여,65,지인추천,베이직,2025-05-19,12,8,7.2,1,1,N,
C1616,여,46,소셜미디어,스탠다드,2025-11-04,6,11,11.1,0,0,N,
C1617,남,56,제휴이벤트,프리미엄,2023-10-02,32,15,28.0,0,0,N,
C1618,남,40,소셜미디어,스탠다드,2024-08-15,21,11,28.4,0,0,N,
C1619,남,37,제휴이벤트,베이직,2026-01-09,4,3,9.9,0,2,Y,2026-03-21
C1620,여,43,소셜미디어,프리미엄,2023-06-26,35,14,11.9,0,0,N,
C1621,남,28,검색광고,베이직,2023-11-19,30,13,28.6,1,0,N,
C1622,여,26,소셜미디어,베이직,2025-10-04,7,13,12.4,0,0,N,
C1623,남,53,검색광고,스탠다드,2023-11-30,30,17,20.4,1,1,N,
C1624,여,54,소셜미디어,베이직,2025-06-17,11,10,17.7,0,0,N,
C1625,남,26,오프라인매장,스탠다드,2026-01-15,4,3,5.8,2,0,Y,2026-02-11
C1626,여,50,검색광고,베이직,2024-11-12,18,16,24.2,0,0,N,
C1627,남,37,검색광고,베이직,2024-10-29,19,9,26.6,0,0,N,
C1628,여,42,검색광고,프리미엄,2024-08-30,21,11,11.6,0,0,N,
C1629,여,44,검색광고,베이직,2024-07-02,23,8,18.2,1,0,N,
C1630,여,50,제휴이벤트,스탠다드,2024-07-09,23,9,25.9,0,0,N,
C1631,여,39,제휴이벤트,스탠다드,2025-01-10,16,15,3.2,0,0,N,
C1632,남,55,검색광고,프리미엄,2026-01-09,4,12,21.7,0,0,N,
C1633,남,42,오프라인매장,스탠다드,2026-04-11,1,15,26.2,0,0,N,
C1634,남,45,오프라인매장,프리미엄,2025-12-09,5,13,22.2,0,1,N,
C1635,남,28,제휴이벤트,베이직,2023-10-06,32,7,22.8,0,0,N,
C1636,여,64,소셜미디어,베이직,2024-04-22,25,15,17.0,3,0,N,
C1637,여,44,소셜미디어,프리미엄,2025-08-15,9,13,25.3,2,0,N,
C1638,여,47,소셜미디어,프리미엄,2025-01-01,17,15,8.8,0,1,N,
C1639,여,19,제휴이벤트,스탠다드,2024-05-22,24,11,11.1,0,1,N,
C1640,여,28,오프라인매장,스탠다드,2024-04-27,25,4,9.0,1,2,Y,2025-01-10
C1641,여,53,지인추천,스탠다드,2023-10-03,32,12,25.3,0,0,N,
C1642,남,41,검색광고,베이직,2024-05-20,24,17,31.0,2,0,N,
C1643,남,19,오프라인매장,프리미엄,2024-08-23,21,12,37.6,0,0,N,
C1644,여,50,제휴이벤트,프리미엄,2024-08-16,21,9,12.0,0,1,N,
C1645,여,31,소셜미디어,스탠다드,2025-01-05,17,2,3.9,0,0,Y,2026-04-05
C1646,남,55,오프라인매장,베이직,2024-03-17,26,13,27.7,0,0,N,
C1647,여,37,소셜미디어,베이직,2024-01-06,29,11,14.1,1,0,N,
C1648,여,40,지인추천,베이직,2026-01-01,5,4,7.0,0,0,Y,2026-03-15
C1649,남,52,지인추천,스탠다드,2024-08-05,22,12,26.3,0,0,N,
C1650,남,27,오프라인매장,스탠다드,2024-02-27,27,11,19.7,1,1,N,
C1651,여,26,제휴이벤트,베이직,2025-04-07,13,2,10.0,1,0,Y,2025-06-30
C1652,여,36,소셜미디어,스탠다드,2024-12-29,17,10,11.4,1,1,N,
C1653,남,48,소셜미디어,프리미엄,2025-02-03,16,15,20.9,0,0,N,
C1654,여,22,소셜미디어,베이직,2024-01-22,28,13,20.7,2,0,N,
C1655,남,19,검색광고,스탠다드,2025-07-10,10,10,30.8,1,0,N,
C1656,여,48,소셜미디어,스탠다드,2023-12-22,29,13,34.2,1,0,N,
C1657,남,31,검색광고,베이직,2025-11-07,6,17,13.9,3,0,N,
C1658,여,33,소셜미디어,스탠다드,2024-08-25,21,12,10.3,1,0,N,
C1659,남,19,검색광고,스탠다드,2024-08-09,22,11,25.6,0,0,N,
C1660,남,30,소셜미디어,베이직,2024-07-18,22,11,6.8,2,0,N,
C1661,여,38,오프라인매장,베이직,2024-08-24,21,15,26.5,1,0,N,
C1662,남,49,검색광고,프리미엄,2025-05-09,12,12,27.5,2,0,N,
C1663,남,29,지인추천,베이직,2024-11-10,18,16,13.3,0,0,N,
C1664,남,58,제휴이벤트,스탠다드,2023-10-14,32,8,3.7,1,0,N,
C1665,여,30,지인추천,스탠다드,2025-01-24,16,9,29.0,1,0,N,
C1666,여,30,검색광고,프리미엄,2024-03-11,27,8,35.4,0,0,N,
C1667,여,56,소셜미디어,스탠다드,2023-09-24,32,12,34.2,0,0,N,
C1668,남,41,지인추천,프리미엄,2025-11-11,6,5,13.9,1,2,Y,2026-02-19
C1669,남,31,지인추천,스탠다드,2024-04-28,25,14,8.5,2,0,N,
C1670,남,36,검색광고,베이직,2025-02-23,15,16,18.5,0,0,N,
C1671,여,54,소셜미디어,베이직,2023-12-01,30,10,20.6,0,1,N,
C1672,여,56,지인추천,베이직,2024-05-27,24,11,19.0,1,0,N,
C1673,여,28,소셜미디어,베이직,2024-07-15,22,15,25.0,2,0,N,
C1674,여,37,지인추천,베이직,2023-10-21,31,3,4.0,2,0,Y,2025-09-13
C1675,남,39,검색광고,베이직,2026-04-02,1,13,6.7,1,0,N,
C1676,여,26,소셜미디어,베이직,2024-04-27,25,10,5.4,0,0,N,
C1677,남,37,제휴이벤트,베이직,2025-02-10,15,12,29.3,0,0,N,
C1678,남,38,소셜미디어,베이직,2025-01-23,16,12,8.4,2,0,N,
C1679,남,52,지인추천,스탠다드,2024-08-31,21,13,19.0,0,0,N,
C1680,남,52,소셜미디어,스탠다드,2025-02-13,15,7,13.0,1,0,N,
C1681,남,34,소셜미디어,프리미엄,2025-01-23,16,16,13.3,1,0,N,
C1682,남,35,제휴이벤트,스탠다드,2023-08-25,33,22,16.1,2,0,N,
C1683,남,46,소셜미디어,프리미엄,2025-05-13,12,13,13.6,0,1,N,
C1684,여,31,검색광고,스탠다드,2023-09-30,32,17,6.7,0,0,N,
C1685,남,45,제휴이벤트,베이직,2024-09-06,21,9,16.1,0,0,N,
C1686,남,37,오프라인매장,프리미엄,2024-06-23,23,5,11.6,0,0,N,
C1687,여,26,오프라인매장,베이직,2024-09-19,20,13,11.2,0,2,N,
C1688,여,27,검색광고,스탠다드,2023-08-16,33,10,40.4,0,0,N,
C1689,여,55,검색광고,스탠다드,2025-06-16,11,19,7.6,0,0,N,
C1690,남,36,지인추천,베이직,2024-08-19,21,13,15.7,1,1,N,
C1691,여,58,검색광고,스탠다드,2023-08-04,34,14,19.8,0,0,N,
C1692,남,32,검색광고,베이직,2023-06-04,36,6,40.4,1,1,N,
C1693,남,41,오프라인매장,베이직,2024-12-27,17,14,9.4,2,0,N,
C1694,여,67,소셜미디어,베이직,2025-05-10,12,7,33.3,0,1,N,
C1695,여,25,검색광고,베이직,2025-01-03,17,11,16.1,0,0,N,
C1696,여,19,검색광고,베이직,2025-07-07,10,4,6.6,2,0,Y,2026-03-31
C1697,여,53,소셜미디어,스탠다드,2025-08-14,9,12,24.3,1,0,N,
C1698,여,28,지인추천,스탠다드,2025-12-15,5,3,14.4,1,0,Y,2025-12-31
C1699,남,38,제휴이벤트,스탠다드,2026-04-12,1,4,13.6,0,0,N,
C1700,남,31,검색광고,스탠다드,2025-12-29,5,14,20.6,0,2,N,
C1701,남,41,검색광고,베이직,2025-09-25,8,1,7.7,0,0,Y,2026-03-31
C1702,남,27,지인추천,베이직,2024-09-01,21,4,7.5,1,0,Y,2026-04-04
C1703,여,36,소셜미디어,스탠다드,2024-11-18,18,14,26.4,0,0,N,
C1704,남,43,지인추천,프리미엄,2025-03-18,14,13,12.0,0,1,N,
C1705,여,26,제휴이벤트,베이직,2023-11-28,30,15,14.6,4,0,N,
C1706,여,30,지인추천,베이직,2025-05-22,12,17,6.8,0,0,N,
C1707,여,34,소셜미디어,스탠다드,2025-02-16,15,12,23.3,0,0,N,
C1708,남,21,제휴이벤트,프리미엄,2024-12-06,18,3,7.3,1,0,Y,2026-01-01
C1709,남,33,검색광고,베이직,2025-11-05,6,9,35.4,0,0,N,
C1710,여,39,제휴이벤트,베이직,2025-06-01,12,4,3.7,1,0,Y,2025-07-29
C1711,여,33,지인추천,베이직,2026-02-18,3,12,42.9,1,0,N,
C1712,여,35,지인추천,스탠다드,2026-04-05,1,15,25.3,0,0,N,
C1713,여,38,제휴이벤트,프리미엄,2025-10-26,7,9,3.7,2,0,N,
C1714,여,30,지인추천,스탠다드,2024-04-13,25,9,24.7,1,1,N,
C1715,남,46,소셜미디어,베이직,2023-12-19,29,8,12.8,0,0,N,
C1716,여,55,소셜미디어,스탠다드,2024-04-14,25,3,6.2,0,1,Y,2026-01-07
C1717,남,32,오프라인매장,프리미엄,2025-06-28,11,12,14.0,0,0,N,
C1718,여,44,지인추천,스탠다드,2025-12-07,5,4,12.9,0,3,Y,2026-04-01
C1719,여,35,검색광고,프리미엄,2025-12-24,5,4,2.5,0,0,Y,2026-03-13
C1720,여,42,오프라인매장,베이직,2025-05-29,12,9,16.6,0,1,N,
C1721,남,57,지인추천,베이직,2025-05-26,12,16,17.3,1,0,N,
C1722,남,44,소셜미디어,스탠다드,2026-03-10,2,5,13.8,0,0,N,
C1723,여,19,검색광고,스탠다드,2025-05-31,12,12,10.6,3,0,N,
C1724,남,43,소셜미디어,프리미엄,2023-10-29,31,21,4.3,1,0,N,
C1725,남,53,검색광고,스탠다드,2024-11-14,18,15,16.7,1,0,N,
C1726,남,35,검색광고,베이직,2024-06-16,23,7,23.3,0,0,N,
C1727,남,50,소셜미디어,베이직,2025-04-09,13,10,18.3,2,0,N,
C1728,남,30,검색광고,스탠다드,2025-04-08,13,12,10.6,0,1,N,
C1729,여,20,소셜미디어,베이직,2024-04-09,26,18,17.4,1,0,N,
C1730,남,40,오프라인매장,스탠다드,2024-04-15,25,3,14.2,0,0,Y,2025-01-16
C1731,남,19,소셜미디어,베이직,2023-09-03,33,21,12.3,0,0,N,
C1732,남,35,제휴이벤트,베이직,2024-04-08,26,13,19.6,1,0,N,
C1733,남,53,제휴이벤트,스탠다드,2025-10-29,7,14,21.1,2,0,N,
C1734,남,19,지인추천,베이직,2025-04-28,13,11,8.0,0,0,N,
C1735,여,23,제휴이벤트,스탠다드,2026-03-01,3,2,6.0,1,1,Y,2026-05-16
C1736,남,26,제휴이벤트,스탠다드,2026-02-11,3,3,6.0,0,1,Y,2026-04-06
C1737,남,37,소셜미디어,스탠다드,2025-11-29,6,15,17.9,0,0,N,
C1738,남,34,오프라인매장,스탠다드,2023-12-09,30,12,31.7,2,0,N,
C1739,남,55,검색광고,스탠다드,2024-05-21,24,13,9.1,0,1,N,
C1740,남,49,오프라인매장,프리미엄,2023-08-01,34,5,13.1,0,0,Y,2025-06-26
C1741,남,44,지인추천,베이직,2023-09-08,33,18,24.2,1,0,N,
C1742,여,40,검색광고,베이직,2024-02-02,28,16,43.5,2,0,N,
C1743,남,43,소셜미디어,스탠다드,2024-03-25,26,2,2.0,2,1,Y,2026-05-14
C1744,여,28,제휴이벤트,스탠다드,2023-06-17,35,19,3.5,0,0,N,
C1745,남,48,소셜미디어,스탠다드,2025-11-14,6,13,55.4,1,0,N,
C1746,남,25,검색광고,스탠다드,2024-12-13,17,4,3.1,1,2,Y,2025-07-04
C1747,남,48,검색광고,스탠다드,2025-04-29,13,7,11.0,0,2,N,
C1748,여,52,지인추천,베이직,2025-04-27,13,19,11.1,1,0,N,
C1749,여,41,제휴이벤트,스탠다드,2026-03-26,2,11,9.4,0,0,N,
C1750,남,36,오프라인매장,베이직,2023-11-04,31,11,23.6,1,2,N,
C1751,남,43,소셜미디어,베이직,2024-05-30,24,10,15.7,2,0,N,
C1752,남,19,검색광고,스탠다드,2024-04-24,25,9,12.0,2,1,N,
C1753,남,42,검색광고,스탠다드,2025-01-08,16,13,39.6,0,0,N,
C1754,여,37,소셜미디어,베이직,2024-12-12,17,9,4.6,1,0,N,
C1755,남,37,제휴이벤트,프리미엄,2025-09-19,8,9,28.7,0,1,N,
C1756,남,46,오프라인매장,스탠다드,2025-01-18,16,17,17.1,1,0,N,
C1757,여,37,소셜미디어,스탠다드,2024-02-05,28,14,11.9,0,0,N,
C1758,남,24,지인추천,프리미엄,2025-01-22,16,16,12.7,0,0,N,
C1759,남,36,소셜미디어,베이직,2026-03-23,2,4,5.9,1,1,Y,2026-04-26
C1760,여,39,지인추천,스탠다드,2025-02-06,15,14,11.1,0,0,N,
C1761,남,39,지인추천,베이직,2025-02-20,15,17,26.5,0,0,N,
C1762,남,40,오프라인매장,베이직,2023-12-05,30,16,14.2,0,0,N,
C1763,남,50,지인추천,베이직,2023-06-09,36,13,24.6,1,0,N,
C1764,여,25,제휴이벤트,베이직,2024-01-10,29,3,5.1,0,3,Y,2025-07-22
C1765,남,40,소셜미디어,스탠다드,2023-06-27,35,4,7.8,1,1,Y,2026-04-04
C1766,남,53,검색광고,베이직,2024-09-24,20,4,7.8,0,1,Y,2026-02-16
C1767,남,19,검색광고,스탠다드,2025-12-26,5,4,7.1,2,0,Y,2026-03-14
C1768,남,40,지인추천,베이직,2024-09-18,20,16,33.2,1,0,N,
C1769,여,31,지인추천,베이직,2025-04-18,13,19,34.9,1,0,N,
C1770,남,34,지인추천,프리미엄,2025-11-28,6,12,25.8,1,0,N,
C1771,여,27,오프라인매장,스탠다드,2025-08-21,9,18,29.9,3,0,N,
C1772,여,36,소셜미디어,프리미엄,2025-04-23,13,11,25.1,0,0,N,
C1773,여,60,오프라인매장,스탠다드,2025-09-12,8,10,13.6,0,0,N,
C1774,남,23,오프라인매장,베이직,2024-03-25,26,10,16.4,1,0,N,
C1775,여,24,소셜미디어,스탠다드,2024-08-21,21,11,5.1,1,0,N,
C1776,여,22,소셜미디어,스탠다드,2024-07-29,22,9,10.2,1,0,N,
C1777,남,59,검색광고,베이직,2025-09-28,8,10,7.8,1,0,N,
C1778,여,32,소셜미디어,프리미엄,2024-08-09,22,11,11.8,0,0,N,
C1779,여,38,오프라인매장,스탠다드,2026-02-23,3,4,8.1,1,0,Y,2026-04-12
C1780,남,33,제휴이벤트,스탠다드,2023-12-16,29,1,5.4,1,1,Y,2026-04-18
C1781,여,27,지인추천,스탠다드,2023-12-01,30,13,27.1,1,0,N,
C1782,남,35,소셜미디어,스탠다드,2025-07-02,11,10,10.4,0,1,N,
C1783,여,67,오프라인매장,베이직,2025-08-22,9,10,24.0,0,0,N,
C1784,여,55,오프라인매장,프리미엄,2025-05-24,12,11,9.9,0,1,N,
C1785,남,28,소셜미디어,베이직,2024-04-23,25,3,12.8,2,0,Y,2026-04-07
C1786,여,46,제휴이벤트,베이직,2023-06-10,36,3,4.2,0,2,Y,2025-06-27
C1787,남,28,검색광고,베이직,2024-05-08,25,15,22.2,1,1,N,
C1788,여,19,검색광고,스탠다드,2024-10-09,19,4,4.8,0,0,Y,2026-01-05
C1789,여,50,검색광고,프리미엄,2024-08-13,21,14,37.5,0,0,N,
C1790,남,52,검색광고,프리미엄,2026-02-06,3,13,36.7,2,0,N,
C1791,남,51,제휴이벤트,스탠다드,2025-12-06,5,13,21.8,4,0,N,
C1792,남,32,소셜미디어,프리미엄,2025-09-03,9,9,21.6,1,1,N,
C1793,남,36,소셜미디어,스탠다드,2023-06-24,35,11,26.1,0,1,N,
C1794,남,47,소셜미디어,베이직,2023-10-14,32,16,23.8,1,0,N,
C1795,남,43,소셜미디어,스탠다드,2024-09-05,21,14,27.9,0,0,N,
C1796,남,33,소셜미디어,베이직,2025-03-24,14,11,10.2,0,0,N,
C1797,남,19,검색광고,베이직,2025-05-25,12,13,17.8,0,0,N,
C1798,여,39,오프라인매장,베이직,2024-04-11,26,11,12.5,0,0,N,
C1799,여,51,검색광고,베이직,2023-09-26,32,10,36.5,0,0,N,
C1800,여,24,오프라인매장,프리미엄,2024-05-15,24,12,8.6,0,1,N,
C1801,남,46,검색광고,프리미엄,2025-09-21,8,11,39.7,0,0,N,
C1802,여,42,오프라인매장,베이직,2026-04-16,1,12,18.0,1,1,N,
C1803,여,47,제휴이벤트,스탠다드,2026-02-28,3,10,28.1,0,0,N,
C1804,남,48,검색광고,베이직,2025-02-21,15,12,13.3,0,0,N,
C1805,남,30,검색광고,베이직,2023-09-05,33,10,8.1,0,0,N,
C1806,여,19,제휴이벤트,베이직,2026-03-27,2,9,35.7,0,0,N,
C1807,남,32,소셜미디어,베이직,2023-11-10,31,15,22.8,1,0,N,
C1808,여,49,지인추천,베이직,2024-03-12,27,10,9.0,0,1,N,
C1809,여,31,검색광고,베이직,2026-04-03,1,18,16.7,1,0,N,
C1810,남,30,소셜미디어,베이직,2024-11-18,18,17,16.1,0,0,N,
C1811,남,19,지인추천,베이직,2023-12-28,29,8,22.4,0,0,N,
C1812,여,59,제휴이벤트,프리미엄,2024-11-16,18,10,10.2,1,0,N,
C1813,여,48,소셜미디어,베이직,2023-08-24,33,14,8.9,0,0,N,
C1814,남,47,오프라인매장,베이직,2024-05-02,25,4,19.1,3,0,N,
C1815,여,50,오프라인매장,스탠다드,2026-03-11,2,14,10.6,1,0,N,
C1816,여,45,검색광고,베이직,2024-04-13,25,8,36.3,1,1,N,
C1817,여,35,소셜미디어,스탠다드,2026-01-06,4,15,26.7,0,0,N,
C1818,여,36,검색광고,베이직,2024-12-30,17,17,26.3,0,0,N,
C1819,남,33,소셜미디어,스탠다드,2025-04-29,13,9,5.0,1,0,N,
C1820,남,69,지인추천,스탠다드,2025-06-18,11,14,13.6,0,0,N,
C1821,여,45,소셜미디어,스탠다드,2025-01-08,16,18,15.1,0,0,N,
C1822,남,32,검색광고,스탠다드,2023-07-07,35,13,9.6,0,0,N,
C1823,여,44,오프라인매장,베이직,2026-02-03,3,4,9.5,1,2,Y,2026-04-02
C1824,여,26,지인추천,베이직,2024-10-18,19,14,22.2,0,0,N,
C1825,남,56,지인추천,베이직,2025-04-29,13,20,25.8,1,0,N,
C1826,여,30,지인추천,스탠다드,2025-01-10,16,12,29.6,2,0,N,
C1827,남,44,검색광고,베이직,2025-05-02,13,13,28.9,0,0,N,
C1828,여,51,오프라인매장,베이직,2024-06-12,23,16,57.8,0,1,N,
C1829,남,43,소셜미디어,스탠다드,2025-11-15,6,11,17.5,2,0,N,
C1830,여,39,소셜미디어,베이직,2024-01-25,28,12,15.9,3,1,N,
C1831,여,38,검색광고,베이직,2025-04-26,13,10,23.7,0,0,N,
C1832,남,37,지인추천,스탠다드,2025-02-05,16,7,32.3,2,0,N,
C1833,여,31,지인추천,베이직,2024-11-18,18,13,6.7,1,0,N,
C1834,여,33,소셜미디어,프리미엄,2023-06-24,35,13,11.4,1,0,N,
C1835,여,56,제휴이벤트,프리미엄,2024-07-20,22,8,12.9,0,0,N,
C1836,여,37,제휴이벤트,프리미엄,2023-07-21,34,2,7.4,0,1,Y,2026-03-17
C1837,여,29,검색광고,베이직,2024-11-17,18,2,5.4,0,0,Y,2025-07-20
C1838,남,32,오프라인매장,베이직,2025-06-02,12,8,29.9,0,0,N,
C1839,여,51,소셜미디어,스탠다드,2024-12-08,17,8,19.8,2,0,N,
C1840,남,46,제휴이벤트,스탠다드,2025-08-15,9,13,16.6,0,0,N,
C1841,여,45,검색광고,스탠다드,2024-06-19,23,7,22.3,0,0,N,
C1842,여,35,소셜미디어,베이직,2024-04-22,25,15,5.5,0,0,N,
C1843,남,45,소셜미디어,베이직,2024-09-20,20,6,21.8,0,0,N,
C1844,남,30,소셜미디어,베이직,2024-01-31,28,11,10.7,1,0,N,
C1845,여,35,오프라인매장,베이직,2025-10-01,8,15,27.2,0,0,N,
C1846,남,50,지인추천,베이직,2025-10-10,7,14,6.1,1,0,N,
C1847,여,48,검색광고,프리미엄,2024-08-17,21,12,23.1,0,0,N,
C1848,남,26,지인추천,베이직,2025-09-22,8,9,10.9,0,0,N,
C1849,여,28,제휴이벤트,스탠다드,2023-06-28,35,14,32.6,0,0,N,
C1850,남,39,오프라인매장,프리미엄,2023-11-12,31,15,7.1,0,1,N,
C1851,남,59,지인추천,베이직,2024-03-28,26,13,18.1,1,1,N,
C1852,여,19,소셜미디어,스탠다드,2024-07-18,22,1,10.1,0,1,Y,2026-05-15
C1853,여,41,검색광고,스탠다드,2024-02-02,28,3,8.4,0,0,Y,2025-07-10
C1854,남,21,제휴이벤트,베이직,2024-11-27,18,12,21.1,0,0,N,
C1855,남,30,오프라인매장,스탠다드,2025-09-23,8,12,8.5,1,1,N,
C1856,여,34,지인추천,프리미엄,2024-09-28,20,12,8.2,1,0,N,
C1857,여,33,제휴이벤트,스탠다드,2024-09-21,20,15,20.6,0,0,N,
C1858,남,32,검색광고,프리미엄,2023-08-03,34,8,19.0,0,0,N,
C1859,여,38,오프라인매장,프리미엄,2024-03-25,26,4,9.9,1,0,N,
C1860,여,32,검색광고,베이직,2025-10-07,7,3,3.8,1,0,Y,2026-02-02
C1861,여,20,검색광고,스탠다드,2025-10-11,7,9,16.8,1,0,N,
C1862,여,47,소셜미디어,스탠다드,2023-09-20,32,17,14.4,1,0,N,
C1863,여,47,소셜미디어,스탠다드,2023-06-21,35,10,42.8,0,1,N,
C1864,남,48,제휴이벤트,스탠다드,2025-11-02,7,7,33.6,1,1,N,
C1865,여,20,소셜미디어,스탠다드,2023-12-03,30,14,26.7,0,0,N,
C1866,여,42,제휴이벤트,프리미엄,2025-02-01,16,8,35.7,0,1,N,
C1867,여,46,오프라인매장,베이직,2025-10-28,7,9,12.4,0,0,N,
C1868,남,26,오프라인매장,스탠다드,2025-09-16,8,10,13.4,0,1,N,
C1869,남,38,제휴이벤트,베이직,2025-01-07,16,7,31.1,0,0,N,
C1870,여,37,소셜미디어,스탠다드,2024-07-06,23,3,7.2,0,1,Y,2026-03-29
C1871,남,60,소셜미디어,스탠다드,2025-09-01,9,13,18.6,0,1,N,
C1872,여,61,검색광고,스탠다드,2025-06-09,11,18,9.2,2,0,N,
C1873,남,19,소셜미디어,베이직,2025-11-09,6,9,30.4,0,0,N,
C1874,여,68,제휴이벤트,스탠다드,2024-11-29,18,10,23.7,1,0,N,
C1875,여,27,지인추천,베이직,2026-02-28,3,12,15.3,1,0,N,
C1876,남,50,소셜미디어,베이직,2025-08-28,9,16,13.5,0,0,N,
C1877,남,50,검색광고,베이직,2023-08-07,34,13,32.9,1,0,N,
C1878,여,26,지인추천,프리미엄,2024-04-08,26,13,12.5,1,0,N,
C1879,여,44,오프라인매장,베이직,2025-09-29,8,17,7.6,0,0,N,
C1880,남,37,소셜미디어,프리미엄,2023-10-02,32,9,33.8,0,1,N,
C1881,여,45,오프라인매장,베이직,2025-06-24,11,13,34.2,1,0,N,
C1882,여,41,지인추천,스탠다드,2024-05-28,24,8,12.4,1,1,N,
C1883,남,52,오프라인매장,스탠다드,2024-01-07,29,9,46.9,1,0,N,
C1884,남,39,소셜미디어,스탠다드,2024-12-27,17,9,17.0,0,0,N,
C1885,남,36,지인추천,스탠다드,2026-02-17,3,3,5.0,1,0,Y,2026-05-14
C1886,남,51,검색광고,스탠다드,2026-01-12,4,16,23.3,0,1,N,
C1887,남,45,소셜미디어,프리미엄,2024-08-04,22,10,8.4,0,0,N,
C1888,남,47,오프라인매장,스탠다드,2023-06-04,36,20,10.5,3,0,N,
C1889,여,30,지인추천,베이직,2026-01-01,5,11,20.7,0,0,N,
C1890,남,25,검색광고,베이직,2026-01-11,4,12,18.8,1,0,N,
C1891,여,31,제휴이벤트,스탠다드,2025-03-06,15,9,28.0,0,0,N,
C1892,남,31,검색광고,스탠다드,2025-03-31,14,8,9.1,0,0,N,
C1893,남,47,지인추천,스탠다드,2024-12-12,17,8,42.9,1,0,N,
C1894,여,50,제휴이벤트,스탠다드,2023-06-14,36,12,14.3,0,1,N,
C1895,여,36,지인추천,베이직,2023-11-17,30,5,18.5,0,0,N,
C1896,남,55,제휴이벤트,스탠다드,2023-10-31,31,22,13.9,1,0,N,
C1897,남,54,지인추천,스탠다드,2026-01-29,4,11,8.4,0,0,N,
C1898,남,41,오프라인매장,스탠다드,2023-07-24,34,2,7.0,0,3,Y,2025-01-15
C1899,여,28,오프라인매장,스탠다드,2025-01-13,16,8,25.0,2,0,N,
C1900,남,57,오프라인매장,프리미엄,2024-06-21,23,18,16.1,2,0,N,
C1901,남,37,검색광고,스탠다드,2023-06-07,36,7,11.2,0,0,N,
C1902,남,40,오프라인매장,프리미엄,2026-02-03,3,3,11.4,0,1,Y,2026-04-02
C1903,남,34,검색광고,베이직,2023-06-20,35,10,29.0,1,0,N,
C1904,여,27,제휴이벤트,스탠다드,2025-11-28,6,18,15.7,0,1,N,
C1905,여,20,검색광고,스탠다드,2025-09-06,8,15,21.4,0,1,N,
C1906,남,46,검색광고,스탠다드,2025-09-23,8,16,28.4,1,0,N,
C1907,남,29,제휴이벤트,베이직,2023-11-20,30,3,10.0,0,0,Y,2025-12-26
C1908,남,69,검색광고,스탠다드,2025-12-25,5,21,21.1,0,0,N,
C1909,남,25,소셜미디어,베이직,2025-02-27,15,10,24.4,1,0,N,
C1910,여,23,오프라인매장,프리미엄,2024-08-02,22,10,22.1,1,0,N,
C1911,여,44,검색광고,베이직,2025-05-26,12,8,18.0,1,0,N,
C1912,여,56,검색광고,베이직,2024-05-29,24,12,9.0,1,0,N,
C1913,여,39,지인추천,스탠다드,2024-03-24,26,9,10.3,0,0,N,
C1914,여,45,검색광고,베이직,2024-04-02,26,14,22.6,1,0,N,
C1915,여,19,검색광고,베이직,2025-01-27,16,10,13.8,1,0,N,
C1916,남,30,검색광고,스탠다드,2025-03-02,15,11,22.2,1,0,N,
C1917,남,25,소셜미디어,스탠다드,2024-02-11,28,11,8.9,0,0,N,
C1918,남,19,소셜미디어,베이직,2024-02-17,27,14,11.8,1,0,N,
C1919,여,39,검색광고,스탠다드,2026-03-04,2,13,16.1,0,1,N,
C1920,남,19,지인추천,스탠다드,2024-11-30,18,2,1.8,1,0,Y,2025-12-11
C1921,여,22,지인추천,스탠다드,2025-12-03,5,11,10.9,0,0,N,
C1922,여,32,검색광고,베이직,2024-05-17,24,11,12.6,0,1,N,
C1923,여,28,소셜미디어,베이직,2024-04-02,26,8,19.6,0,0,N,
C1924,남,43,제휴이벤트,프리미엄,2024-03-27,26,12,15.6,1,0,N,
C1925,남,42,지인추천,스탠다드,2024-12-15,17,19,20.1,0,0,N,
C1926,남,49,소셜미디어,베이직,2025-09-07,8,7,18.3,0,0,N,
C1927,여,47,소셜미디어,프리미엄,2024-11-15,18,7,15.3,0,0,N,
C1928,여,52,검색광고,베이직,2024-04-10,26,8,12.6,0,0,N,
C1929,여,38,제휴이벤트,스탠다드,2026-03-19,2,17,18.6,0,0,N,
C1930,남,42,제휴이벤트,스탠다드,2025-01-30,16,16,32.3,2,0,N,
C1931,남,44,제휴이벤트,프리미엄,2024-07-24,22,12,12.6,0,0,N,
C1932,남,40,검색광고,프리미엄,2023-06-11,36,9,42.0,0,0,N,
C1933,여,33,소셜미디어,베이직,2025-01-19,16,16,18.8,0,3,N,
C1934,여,34,검색광고,스탠다드,2025-03-23,14,9,27.3,0,0,N,
C1935,남,28,소셜미디어,베이직,2026-02-14,3,4,21.5,2,0,N,
C1936,여,43,소셜미디어,스탠다드,2024-02-01,28,9,23.1,0,0,N,
C1937,남,37,지인추천,스탠다드,2023-11-21,30,12,10.9,2,0,N,
C1938,여,30,검색광고,베이직,2026-04-30,1,21,13.8,1,0,N,
C1939,남,30,제휴이벤트,베이직,2025-01-07,16,11,6.6,1,0,N,
C1940,남,23,검색광고,베이직,2023-06-29,35,10,15.9,1,0,N,
C1941,여,50,검색광고,베이직,2023-09-21,32,4,9.7,0,0,Y,2025-02-23
C1942,남,39,제휴이벤트,베이직,2024-10-19,19,3,6.4,1,0,Y,2025-09-05
C1943,남,28,오프라인매장,프리미엄,2025-03-19,14,15,28.1,1,0,N,
C1944,남,48,소셜미디어,스탠다드,2024-02-15,27,10,14.5,1,0,N,
C1945,남,31,지인추천,스탠다드,2024-06-24,23,6,12.2,1,0,N,
C1946,여,21,검색광고,프리미엄,2025-07-24,10,16,13.5,0,1,N,
C1947,여,50,검색광고,스탠다드,2026-03-27,2,13,25.4,0,0,N,
C1948,여,32,지인추천,베이직,2024-11-04,19,14,37.5,2,0,N,
C1949,남,33,소셜미디어,프리미엄,2024-08-16,21,17,44.2,1,0,N,
C1950,여,38,지인추천,스탠다드,2024-06-19,23,15,24.0,0,2,N,
C1951,남,52,검색광고,스탠다드,2023-10-24,31,8,27.4,0,0,N,
C1952,남,38,오프라인매장,프리미엄,2023-07-27,34,3,3.0,3,1,Y,2026-03-13
C1953,남,24,오프라인매장,스탠다드,2025-11-05,6,11,8.8,0,0,N,
C1954,여,45,검색광고,스탠다드,2023-07-10,35,12,11.1,1,0,N,
C1955,여,32,검색광고,프리미엄,2025-10-22,7,10,33.3,2,0,N,
C1956,여,61,소셜미디어,스탠다드,2024-02-19,27,10,33.0,0,0,N,
C1957,여,38,오프라인매장,프리미엄,2025-06-10,11,7,49.1,2,0,N,
C1958,남,19,오프라인매장,베이직,2026-03-10,2,11,11.0,1,0,N,
C1959,여,42,오프라인매장,베이직,2025-08-06,9,13,16.9,3,0,N,
C1960,여,61,소셜미디어,스탠다드,2025-07-16,10,4,2.6,0,3,Y,2025-12-24
C1961,남,57,검색광고,베이직,2024-03-08,27,14,8.0,0,0,N,
C1962,남,60,지인추천,프리미엄,2025-02-27,15,13,15.2,0,0,N,
C1963,남,26,검색광고,베이직,2025-04-14,13,1,4.5,2,0,Y,2026-03-22
C1964,여,49,오프라인매장,스탠다드,2024-08-26,21,14,11.3,1,0,N,
C1965,남,29,검색광고,베이직,2023-07-11,35,9,12.9,1,0,N,
C1966,여,41,소셜미디어,프리미엄,2026-01-27,4,8,35.2,1,0,N,
C1967,남,23,지인추천,베이직,2023-12-27,29,16,30.0,1,0,N,
C1968,여,30,지인추천,베이직,2026-04-02,1,14,10.2,0,0,N,
C1969,남,30,지인추천,베이직,2026-02-17,3,10,29.6,1,0,N,
C1970,남,49,소셜미디어,스탠다드,2023-06-21,35,14,11.8,0,0,N,
C1971,남,48,제휴이벤트,프리미엄,2025-07-27,10,4,3.0,1,0,Y,2025-08-28
C1972,남,41,제휴이벤트,프리미엄,2025-04-06,14,7,12.7,1,0,N,
C1973,여,22,제휴이벤트,베이직,2024-02-01,28,11,20.5,0,1,N,
C1974,남,34,지인추천,스탠다드,2025-10-13,7,13,10.8,0,0,N,
C1975,여,29,지인추천,베이직,2023-09-27,32,12,23.8,3,0,N,
C1976,남,48,지인추천,스탠다드,2024-02-20,27,8,13.1,1,0,N,
C1977,남,52,소셜미디어,스탠다드,2026-03-07,2,11,21.3,1,0,N,
C1978,여,51,소셜미디어,베이직,2025-07-31,10,4,4.0,0,3,Y,2025-12-30
C1979,남,29,지인추천,스탠다드,2023-09-28,32,13,17.8,1,0,N,
C1980,여,19,검색광고,프리미엄,2023-11-01,31,17,11.0,0,1,N,
C1981,여,19,검색광고,베이직,2024-02-29,27,5,15.5,0,0,N,
C1982,여,55,제휴이벤트,베이직,2023-08-15,34,2,16.9,2,0,Y,2026-03-21
C1983,남,33,검색광고,베이직,2023-12-12,30,13,14.1,0,0,N,
C1984,남,29,지인추천,베이직,2025-01-29,16,15,8.7,1,0,N,
C1985,여,58,지인추천,베이직,2023-06-08,36,11,18.3,0,0,N,
C1986,남,53,검색광고,스탠다드,2024-04-02,26,9,18.5,0,0,N,
C1987,남,38,제휴이벤트,베이직,2024-04-30,25,9,18.4,0,1,N,
C1988,남,34,검색광고,스탠다드,2026-03-30,2,14,23.1,0,0,N,
C1989,여,36,제휴이벤트,프리미엄,2026-04-03,1,2,5.5,0,0,Y,2026-05-21
C1990,여,41,오프라인매장,프리미엄,2025-11-17,6,12,24.3,0,0,N,
C1991,여,57,검색광고,스탠다드,2024-05-30,24,7,17.4,1,0,N,
C1992,여,43,검색광고,베이직,2024-12-13,17,7,8.4,0,0,N,
C1993,남,47,소셜미디어,베이직,2024-11-19,18,11,26.0,0,0,N,
C1994,여,52,소셜미디어,베이직,2025-12-03,5,12,19.2,2,0,N,
C1995,남,24,검색광고,프리미엄,2025-08-03,10,8,23.6,2,0,N,
C1996,여,47,제휴이벤트,프리미엄,2026-01-21,4,8,9.0,0,2,N,
C1997,남,34,검색광고,베이직,2025-01-07,16,9,26.7,0,0,N,
C1998,여,19,제휴이벤트,베이직,2026-02-03,3,3,19.2,0,2,Y,2026-05-04
C1999,남,19,검색광고,스탠다드,2025-07-31,10,10,8.6,0,0,N,
C2000,남,26,제휴이벤트,베이직,2025-07-26,10,4,11.4,0,0,Y,2026-05-03
C2001,남,44,검색광고,프리미엄,2025-05-05,13,12,19.3,1,0,N,
C2002,남,39,소셜미디어,베이직,2024-05-23,24,8,17.5,0,0,N,
C2003,남,40,지인추천,베이직,2025-03-10,14,12,26.9,2,0,N,
C2004,여,61,검색광고,베이직,2024-06-14,23,6,25.5,1,0,N,
C2005,남,23,제휴이벤트,베이직,2025-04-22,13,3,12.8,0,0,Y,2025-11-10
C2006,여,38,소셜미디어,베이직,2024-02-27,27,8,9.2,0,0,N,
C2007,남,42,지인추천,프리미엄,2025-09-29,8,10,32.7,0,2,N,
C2008,여,29,지인추천,베이직,2025-01-29,16,16,21.2,1,0,N,
C2009,남,38,지인추천,스탠다드,2025-06-26,11,12,6.7,1,0,N,
C2010,여,19,검색광고,베이직,2024-01-23,28,13,14.1,1,0,N,
C2011,여,55,검색광고,베이직,2025-09-21,8,13,19.5,1,0,N,
C2012,남,30,검색광고,베이직,2025-10-02,8,14,14.0,2,0,N,
C2013,여,62,소셜미디어,베이직,2023-11-03,31,11,16.4,0,0,N,
C2014,남,38,검색광고,베이직,2024-06-07,24,11,13.0,1,0,N,
C2015,남,50,제휴이벤트,베이직,2025-05-22,12,14,40.7,1,0,N,
C2016,여,37,지인추천,프리미엄,2025-12-17,5,17,60.3,2,1,N,
C2017,여,38,지인추천,스탠다드,2025-07-24,10,14,24.5,0,0,N,
C2018,남,31,소셜미디어,프리미엄,2024-10-15,19,13,18.3,0,1,N,
C2019,남,39,소셜미디어,베이직,2024-04-15,25,15,10.0,2,0,N,
C2020,여,42,지인추천,스탠다드,2026-01-25,4,2,12.9,0,1,Y,2026-03-29
C2021,여,29,소셜미디어,스탠다드,2025-12-18,5,5,9.2,0,2,Y,2026-01-29
C2022,여,36,소셜미디어,베이직,2026-01-11,4,10,10.6,0,1,N,
C2023,여,31,소셜미디어,베이직,2024-04-20,25,11,10.6,2,0,N,
C2024,여,66,지인추천,스탠다드,2024-09-07,21,16,16.6,0,0,N,
C2025,남,37,제휴이벤트,스탠다드,2024-02-15,27,9,18.4,0,1,N,
C2026,여,57,검색광고,스탠다드,2026-03-13,2,14,24.2,1,0,N,
C2027,남,36,지인추천,베이직,2025-12-10,5,15,17.2,0,0,N,
C2028,여,41,검색광고,프리미엄,2023-12-02,30,9,25.2,0,0,N,
C2029,남,22,소셜미디어,베이직,2024-02-19,27,3,5.6,2,0,Y,2026-05-06
C2030,여,33,오프라인매장,프리미엄,2025-01-08,16,16,17.2,0,0,N,
C2031,여,41,검색광고,프리미엄,2024-08-16,21,15,32.8,3,0,N,
C2032,여,57,지인추천,프리미엄,2024-10-02,20,12,25.8,0,0,N,
C2033,여,41,소셜미디어,스탠다드,2024-06-26,23,11,17.7,0,0,N,
C2034,남,55,검색광고,베이직,2025-05-18,12,6,20.8,2,0,N,
C2035,여,46,제휴이벤트,스탠다드,2026-01-12,4,14,17.2,2,0,N,
C2036,남,58,소셜미디어,스탠다드,2026-02-01,3,1,3.2,1,2,Y,2026-05-21
C2037,남,37,오프라인매장,스탠다드,2024-09-27,20,10,3.4,0,0,N,
C2038,남,67,소셜미디어,베이직,2025-10-29,7,17,38.3,1,0,N,
C2039,남,32,제휴이벤트,베이직,2025-06-09,11,14,11.0,3,0,N,
C2040,남,29,소셜미디어,베이직,2023-12-27,29,12,14.6,0,0,N,
C2041,여,23,소셜미디어,스탠다드,2025-09-23,8,10,55.1,0,0,N,
C2042,여,66,오프라인매장,스탠다드,2024-06-08,24,14,9.8,1,0,N,
C2043,여,48,소셜미디어,프리미엄,2025-03-30,14,16,16.7,1,0,N,
C2044,남,34,소셜미디어,스탠다드,2025-07-07,10,14,33.8,0,0,N,
C2045,남,53,제휴이벤트,스탠다드,2026-03-02,3,3,17.0,0,0,Y,2026-04-16
C2046,남,46,지인추천,베이직,2026-03-06,2,17,22.7,1,1,N,
C2047,여,62,오프라인매장,스탠다드,2025-10-02,8,8,32.3,1,0,N,
C2048,여,19,지인추천,베이직,2024-11-20,18,2,6.4,1,0,Y,2026-04-05
C2049,남,35,제휴이벤트,베이직,2024-07-31,22,13,3.4,1,0,N,
C2050,여,32,제휴이벤트,베이직,2024-09-12,20,10,30.9,0,0,N,
C2051,남,19,지인추천,베이직,2026-03-09,2,13,17.5,0,0,N,
C2052,남,51,소셜미디어,베이직,2024-01-05,29,12,14.9,1,1,N,
C2053,남,35,검색광고,스탠다드,2024-12-10,17,15,14.2,2,0,N,
C2054,남,47,지인추천,베이직,2025-05-24,12,9,25.0,2,0,N,
C2055,여,66,제휴이벤트,베이직,2023-06-25,35,12,24.8,2,0,N,
C2056,여,34,소셜미디어,베이직,2025-04-07,13,14,17.8,0,0,N,
C2057,남,33,검색광고,스탠다드,2024-03-03,27,1,22.2,1,0,N,
C2058,여,39,소셜미디어,스탠다드,2024-03-25,26,10,9.7,1,0,N,
C2059,여,50,지인추천,베이직,2025-03-24,14,19,16.0,1,0,N,
C2060,여,31,제휴이벤트,베이직,2023-06-10,36,12,9.9,0,0,N,
C2061,여,30,검색광고,프리미엄,2023-11-15,30,14,9.7,1,0,N,
C2062,남,51,지인추천,스탠다드,2024-09-27,20,10,21.1,0,0,N,
C2063,여,43,오프라인매장,스탠다드,2025-02-12,15,8,18.3,0,0,N,
C2064,남,19,제휴이벤트,스탠다드,2023-09-25,32,13,14.0,0,0,N,
C2065,여,23,검색광고,프리미엄,2024-06-20,23,8,15.6,0,0,N,
C2066,남,56,제휴이벤트,프리미엄,2024-04-23,25,15,22.0,0,0,N,
C2067,여,43,지인추천,베이직,2024-12-21,17,10,25.2,1,0,N,
C2068,남,29,오프라인매장,스탠다드,2024-04-16,25,10,23.2,2,0,N,
C2069,남,36,검색광고,베이직,2023-06-02,36,11,6.5,0,0,N,
C2070,여,38,지인추천,스탠다드,2024-12-16,17,15,4.3,1,1,N,
C2071,여,47,지인추천,베이직,2025-11-20,6,14,11.5,0,0,N,
C2072,남,22,소셜미디어,베이직,2025-02-12,15,12,4.3,0,0,N,
C2073,여,28,소셜미디어,프리미엄,2024-06-20,23,14,36.1,1,0,N,
C2074,여,41,지인추천,프리미엄,2024-10-26,19,9,15.3,0,0,N,
C2075,남,37,지인추천,베이직,2023-10-28,31,11,8.4,0,0,N,
C2076,여,45,검색광고,프리미엄,2024-02-08,28,10,15.2,1,0,N,
C2077,남,23,소셜미디어,베이직,2024-09-09,20,14,5.6,1,0,N,
C2078,여,42,검색광고,스탠다드,2025-02-20,15,10,8.5,0,1,N,
C2079,남,51,제휴이벤트,프리미엄,2024-10-30,19,8,14.6,0,1,N,
C2080,남,44,제휴이벤트,베이직,2026-03-22,2,6,13.3,0,0,N,
C2081,여,40,소셜미디어,스탠다드,2025-04-09,13,9,14.5,0,0,N,
C2082,여,37,검색광고,스탠다드,2023-06-25,35,11,22.4,1,2,N,
C2083,여,28,검색광고,베이직,2024-12-10,17,4,11.3,1,0,Y,2026-03-17
C2084,여,37,지인추천,베이직,2025-02-10,15,18,18.9,0,3,N,
C2085,여,53,제휴이벤트,베이직,2023-07-17,34,4,11.6,1,0,Y,2025-01-10
C2086,여,37,지인추천,스탠다드,2024-07-15,22,12,13.5,0,0,N,
C2087,여,27,검색광고,베이직,2025-12-15,5,12,31.1,0,0,N,
C2088,남,32,검색광고,베이직,2024-06-15,23,12,19.0,1,0,N,
C2089,남,40,검색광고,스탠다드,2024-09-29,20,5,27.1,1,1,N,
C2090,남,34,제휴이벤트,베이직,2024-01-22,28,9,13.6,0,0,N,
C2091,여,44,지인추천,베이직,2023-08-21,33,17,18.6,1,0,N,
C2092,남,44,지인추천,스탠다드,2024-05-04,25,10,45.3,4,0,N,
C2093,남,49,소셜미디어,스탠다드,2025-09-01,9,12,18.5,0,1,N,
C2094,여,55,제휴이벤트,베이직,2026-04-13,1,15,28.2,0,0,N,
C2095,남,50,소셜미디어,프리미엄,2025-05-04,13,13,30.0,0,0,N,
C2096,남,27,제휴이벤트,스탠다드,2025-11-01,7,15,24.1,0,0,N,
C2097,여,27,제휴이벤트,베이직,2025-04-22,13,9,26.3,1,0,N,
C2098,여,37,지인추천,스탠다드,2025-05-02,13,13,13.7,1,1,N,
C2099,남,33,제휴이벤트,스탠다드,2024-08-28,21,11,11.3,0,0,N,
C2100,남,24,소셜미디어,스탠다드,2023-08-05,34,3,10.0,0,0,N,
C2101,남,33,오프라인매장,스탠다드,2024-08-11,21,13,21.8,1,1,N,
C2102,여,32,검색광고,스탠다드,2025-12-08,5,16,18.2,0,0,N,
C2103,여,30,지인추천,프리미엄,2024-12-23,17,20,21.1,0,0,N,
C2104,남,34,검색광고,스탠다드,2025-08-20,9,7,9.1,1,1,N,
C2105,여,52,검색광고,프리미엄,2023-07-24,34,8,12.3,1,0,N,
C2106,남,40,검색광고,스탠다드,2024-01-01,29,15,27.8,0,1,N,
C2107,남,68,소셜미디어,프리미엄,2024-04-14,25,8,19.7,1,0,N,
C2108,여,40,지인추천,프리미엄,2024-06-17,23,9,19.1,1,0,N,
C2109,남,35,소셜미디어,베이직,2026-04-18,1,20,15.9,2,0,N,
C2110,남,38,소셜미디어,베이직,2024-10-04,20,11,11.7,0,0,N,
C2111,남,41,제휴이벤트,스탠다드,2025-05-06,13,10,31.6,0,0,N,
C2112,여,43,제휴이벤트,베이직,2025-04-17,13,14,34.2,0,0,N,
C2113,여,63,검색광고,스탠다드,2024-08-20,21,16,18.6,2,0,N,
C2114,여,28,소셜미디어,스탠다드,2026-03-26,2,11,5.9,0,0,N,
C2115,남,48,지인추천,프리미엄,2024-01-23,28,14,16.8,0,0,N,
C2116,남,40,오프라인매장,베이직,2023-07-07,35,15,35.5,0,0,N,
C2117,여,19,소셜미디어,스탠다드,2025-08-02,10,3,5.0,1,0,Y,2026-01-02
C2118,남,47,오프라인매장,베이직,2025-04-27,13,13,14.1,0,0,N,
C2119,여,53,검색광고,스탠다드,2024-03-04,27,13,27.2,0,0,N,
C2120,여,28,소셜미디어,베이직,2025-12-11,5,13,14.0,0,0,N,
C2121,남,38,오프라인매장,스탠다드,2023-11-20,30,14,18.1,1,0,N,
C2122,여,19,지인추천,스탠다드,2024-02-23,27,11,4.9,2,0,N,
C2123,남,23,제휴이벤트,스탠다드,2023-11-12,31,9,34.6,0,0,N,
C2124,남,51,검색광고,스탠다드,2023-12-16,29,13,26.0,1,1,N,
C2125,여,32,검색광고,베이직,2025-07-16,10,11,30.5,0,0,N,
C2126,여,25,검색광고,베이직,2025-06-19,11,11,10.8,1,2,N,
C2127,여,41,검색광고,베이직,2025-04-15,13,11,38.3,0,0,N,
C2128,여,32,검색광고,프리미엄,2025-12-03,5,14,17.2,0,0,N,
C2129,여,32,지인추천,프리미엄,2023-08-14,34,9,31.8,1,0,N,
C2130,여,47,지인추천,베이직,2025-03-22,14,8,21.5,0,0,N,
C2131,여,24,오프라인매장,베이직,2023-10-01,32,9,26.6,0,0,N,
C2132,남,27,소셜미디어,베이직,2026-03-14,2,2,9.0,0,0,Y,2026-04-22
C2133,여,40,검색광고,스탠다드,2025-04-06,14,10,14.0,0,0,N,
C2134,여,50,오프라인매장,베이직,2025-08-18,9,3,2.8,1,0,Y,2026-04-25
C2135,남,53,검색광고,베이직,2025-01-29,16,10,33.0,2,0,N,
C2136,남,30,제휴이벤트,베이직,2024-07-13,22,9,3.6,1,0,N,
C2137,남,49,검색광고,베이직,2025-05-31,12,12,28.1,1,0,N,
C2138,남,29,지인추천,베이직,2025-11-07,6,5,13.2,0,1,Y,2026-04-24
C2139,여,60,제휴이벤트,베이직,2023-12-07,30,9,8.2,0,0,N,
C2140,남,24,지인추천,스탠다드,2025-12-15,5,2,5.8,2,0,Y,2026-03-08
C2141,여,54,지인추천,스탠다드,2025-07-13,10,10,7.6,1,0,N,
C2142,여,30,오프라인매장,베이직,2023-08-31,33,10,12.9,0,0,N,
C2143,여,62,검색광고,스탠다드,2026-02-21,3,15,30.3,0,0,N,
C2144,남,45,오프라인매장,스탠다드,2023-12-09,30,3,10.6,1,2,Y,2025-08-07
C2145,남,26,제휴이벤트,스탠다드,2025-03-02,15,13,24.7,0,0,N,
C2146,여,32,제휴이벤트,프리미엄,2023-10-17,31,10,14.4,0,0,N,
C2147,여,47,소셜미디어,베이직,2023-12-26,29,2,1.5,1,0,Y,2025-07-06
C2148,남,51,소셜미디어,프리미엄,2025-04-15,13,17,8.9,0,0,N,
C2149,여,37,오프라인매장,스탠다드,2025-05-24,12,5,15.9,1,0,N,
C2150,남,39,지인추천,스탠다드,2025-06-01,12,18,10.0,0,2,N,
C2151,여,47,소셜미디어,베이직,2024-05-31,24,9,28.3,0,0,N,
C2152,남,40,검색광고,베이직,2025-10-21,7,11,38.9,1,0,N,
C2153,남,22,검색광고,베이직,2023-07-23,34,12,21.5,0,0,N,
C2154,여,28,소셜미디어,프리미엄,2025-11-26,6,12,8.1,2,0,N,
C2155,남,41,검색광고,스탠다드,2024-04-17,25,13,33.6,1,0,N,
C2156,남,53,검색광고,베이직,2025-03-22,14,2,7.6,1,0,Y,2026-01-31
C2157,남,57,검색광고,스탠다드,2026-01-20,4,17,17.8,1,0,N,
C2158,남,47,제휴이벤트,베이직,2024-02-28,27,12,23.7,0,0,N,
C2159,여,41,검색광고,베이직,2024-08-11,21,3,3.6,0,0,Y,2026-04-02
C2160,남,47,검색광고,스탠다드,2025-10-30,7,5,14.6,1,0,N,
C2161,여,30,소셜미디어,스탠다드,2025-12-07,5,14,17.2,1,0,N,
C2162,여,36,검색광고,스탠다드,2024-02-06,28,11,20.5,0,0,N,
C2163,남,28,제휴이벤트,스탠다드,2024-11-23,18,4,8.6,1,2,Y,2026-02-04
C2164,남,23,제휴이벤트,스탠다드,2024-05-20,24,8,23.7,2,0,N,
C2165,여,42,소셜미디어,프리미엄,2024-12-02,18,11,13.0,0,0,N,
C2166,여,40,소셜미디어,베이직,2024-07-08,23,3,2.5,0,2,Y,2026-04-25
C2167,여,46,소셜미디어,스탠다드,2023-06-06,36,18,15.8,2,0,N,
C2168,여,45,검색광고,스탠다드,2026-02-09,3,12,16.9,0,0,N,
C2169,남,41,소셜미디어,베이직,2025-04-09,13,15,6.1,1,0,N,
C2170,남,45,검색광고,베이직,2024-10-04,20,3,5.1,3,1,Y,2026-03-19
C2171,여,37,검색광고,베이직,2023-09-23,32,21,19.6,1,0,N,
C2172,남,43,지인추천,베이직,2023-08-15,34,14,13.7,0,0,N,
C2173,여,29,검색광고,스탠다드,2024-10-22,19,2,7.7,1,2,Y,2026-01-02
C2174,여,42,검색광고,베이직,2025-04-22,13,11,13.4,0,0,N,
C2175,여,46,지인추천,스탠다드,2024-03-04,27,17,24.6,1,0,N,
C2176,남,30,소셜미디어,베이직,2025-08-01,10,15,10.4,1,0,N,
C2177,남,39,검색광고,베이직,2024-07-22,22,8,17.9,1,0,N,
C2178,남,31,검색광고,베이직,2023-06-12,36,13,18.4,0,0,N,
C2179,남,32,검색광고,베이직,2024-12-23,17,9,27.7,0,0,N,
C2180,여,25,검색광고,프리미엄,2023-12-10,30,11,15.0,1,0,N,
C2181,남,53,제휴이벤트,베이직,2023-06-16,36,3,15.5,0,2,Y,2026-04-18
C2182,남,51,제휴이벤트,베이직,2023-10-17,31,13,37.9,2,0,N,
C2183,남,44,소셜미디어,베이직,2024-03-30,26,11,10.8,2,2,N,
C2184,남,62,소셜미디어,베이직,2024-11-30,18,13,17.6,0,0,N,
C2185,여,36,오프라인매장,스탠다드,2026-04-19,1,3,3.4,2,0,Y,2026-04-24
C2186,남,69,지인추천,스탠다드,2024-01-19,28,7,22.8,0,0,N,
C2187,여,35,검색광고,베이직,2023-08-01,34,11,13.6,2,0,N,
C2188,남,41,검색광고,스탠다드,2023-12-21,29,2,7.6,4,0,Y,2026-03-24
C2189,여,33,소셜미디어,스탠다드,2024-05-06,25,10,15.6,1,1,N,
C2190,남,42,지인추천,프리미엄,2024-01-05,29,14,59.2,3,0,N,
C2191,남,48,검색광고,스탠다드,2024-05-08,25,10,16.6,1,0,N,
C2192,여,37,소셜미디어,베이직,2026-03-29,2,14,15.8,0,0,N,
C2193,여,59,소셜미디어,스탠다드,2024-07-09,23,16,28.6,0,0,N,
C2194,여,41,소셜미디어,프리미엄,2025-04-06,14,14,30.7,1,0,N,
C2195,남,41,소셜미디어,스탠다드,2025-05-30,12,17,20.4,1,0,N,
C2196,남,27,오프라인매장,프리미엄,2023-10-17,31,2,12.4,1,1,Y,2026-05-14
C2197,여,43,지인추천,프리미엄,2024-02-19,27,12,54.2,2,0,N,
C2198,남,36,검색광고,베이직,2024-08-16,21,15,15.2,1,0,N,
C2199,여,31,검색광고,스탠다드,2024-10-03,20,13,9.2,0,0,N,
C2200,여,29,제휴이벤트,스탠다드,2023-06-15,36,8,21.9,1,1,N,
C2201,여,69,지인추천,스탠다드,2025-04-17,13,5,29.7,0,1,N,
C2202,여,35,검색광고,스탠다드,2024-04-16,25,15,37.1,0,0,N,
C2203,여,21,소셜미디어,프리미엄,2024-05-09,25,3,9.6,0,0,Y,2025-07-08
C2204,남,30,제휴이벤트,스탠다드,2025-03-04,15,12,18.1,0,0,N,
C2205,남,37,오프라인매장,스탠다드,2026-03-07,2,2,4.7,0,1,Y,2026-04-18
C2206,여,45,제휴이벤트,베이직,2025-12-08,5,4,13.2,0,2,Y,2026-04-30
C2207,남,45,지인추천,베이직,2026-04-09,1,26,20.9,1,0,N,
C2208,남,46,소셜미디어,프리미엄,2024-08-14,21,13,6.4,0,0,N,
C2209,남,30,소셜미디어,스탠다드,2023-10-06,32,14,45.2,0,0,N,
C2210,여,42,검색광고,베이직,2024-01-17,28,6,9.5,0,0,N,
C2211,여,27,오프라인매장,프리미엄,2024-06-01,24,13,30.0,1,0,N,
C2212,여,31,지인추천,프리미엄,2024-04-15,25,16,20.1,0,0,N,
C2213,남,27,검색광고,스탠다드,2024-01-08,29,3,2.7,2,0,Y,2026-04-01
C2214,남,24,제휴이벤트,베이직,2023-11-08,31,5,6.8,0,0,Y,2025-06-26
C2215,여,51,소셜미디어,스탠다드,2023-12-16,29,11,15.2,3,0,N,
C2216,남,46,검색광고,베이직,2025-05-02,13,13,7.6,1,0,N,
C2217,여,50,소셜미디어,베이직,2024-11-04,19,11,22.7,0,0,N,
C2218,여,38,제휴이벤트,스탠다드,2023-07-11,35,8,27.9,1,0,N,
C2219,남,47,제휴이벤트,프리미엄,2025-01-21,16,2,7.1,0,0,Y,2026-04-29
C2220,남,19,지인추천,베이직,2025-11-14,6,7,15.0,0,0,N,
C2221,남,48,제휴이벤트,프리미엄,2024-08-27,21,3,9.4,1,2,Y,2025-08-13
C2222,여,40,제휴이벤트,프리미엄,2024-05-05,25,2,1.2,0,0,Y,2026-03-13
C2223,여,46,제휴이벤트,베이직,2024-03-17,26,9,14.1,0,0,N,
C2224,남,43,제휴이벤트,베이직,2024-07-09,23,15,14.7,0,0,N,
C2225,여,26,소셜미디어,스탠다드,2024-03-23,26,17,18.0,1,0,N,
C2226,남,20,오프라인매장,스탠다드,2026-02-09,3,13,7.4,0,0,N,
C2227,남,29,지인추천,베이직,2026-04-22,1,10,5.3,1,0,N,
C2228,여,45,오프라인매장,스탠다드,2024-05-31,24,8,10.0,1,0,N,
C2229,남,46,검색광고,스탠다드,2026-02-08,3,4,9.0,2,0,Y,2026-04-05
C2230,남,22,오프라인매장,스탠다드,2025-11-26,6,1,5.8,0,1,Y,2026-03-19
C2231,여,26,제휴이벤트,스탠다드,2023-08-20,33,14,10.0,1,0,N,
C2232,남,29,소셜미디어,베이직,2024-11-04,19,12,41.7,0,0,N,
C2233,여,34,제휴이벤트,베이직,2025-04-30,13,14,15.0,0,0,N,
C2234,남,22,소셜미디어,베이직,2024-08-23,21,9,18.0,0,0,N,
C2235,남,21,검색광고,프리미엄,2024-09-29,20,12,32.9,0,2,N,
C2236,남,28,검색광고,프리미엄,2024-11-08,18,13,19.4,0,0,N,
C2237,남,39,오프라인매장,스탠다드,2025-06-03,12,18,23.5,2,0,N,
C2238,남,24,지인추천,베이직,2024-04-08,26,17,11.4,2,0,N,
C2239,남,37,소셜미디어,스탠다드,2025-02-25,15,15,18.5,2,0,N,
C2240,여,51,지인추천,베이직,2024-02-15,27,9,39.0,0,0,N,
C2241,남,22,소셜미디어,베이직,2026-01-03,4,13,22.0,0,0,N,
C2242,남,36,소셜미디어,베이직,2023-08-30,33,4,8.2,1,1,Y,2025-07-04
C2243,남,50,제휴이벤트,프리미엄,2023-08-11,34,11,15.8,0,0,N,
C2244,남,33,오프라인매장,베이직,2023-07-11,35,17,8.5,0,0,N,
C2245,남,31,오프라인매장,스탠다드,2024-06-07,24,4,12.4,0,2,Y,2026-01-10
C2246,여,52,지인추천,프리미엄,2025-03-07,15,12,17.3,0,1,N,
C2247,남,34,제휴이벤트,스탠다드,2026-04-15,1,9,12.3,1,0,N,
C2248,여,51,검색광고,베이직,2024-09-27,20,7,8.0,1,0,N,
C2249,여,43,소셜미디어,프리미엄,2023-12-12,30,2,8.4,0,1,Y,2026-05-20
C2250,남,34,검색광고,스탠다드,2024-06-27,23,2,3.7,0,0,Y,2026-05-22
C2251,남,44,지인추천,스탠다드,2023-10-14,32,8,31.2,0,0,N,
C2252,남,42,지인추천,스탠다드,2024-10-15,19,14,12.7,2,0,N,
C2253,여,50,오프라인매장,프리미엄,2025-07-16,10,14,18.8,2,2,N,
C2254,남,31,소셜미디어,스탠다드,2023-07-08,35,9,21.8,1,0,N,
C2255,여,38,검색광고,스탠다드,2025-09-05,8,9,20.5,1,0,N,
C2256,여,37,지인추천,스탠다드,2024-01-30,28,10,27.9,0,0,N,
C2257,여,46,제휴이벤트,베이직,2025-05-16,12,14,13.3,0,0,N,
C2258,여,26,소셜미디어,스탠다드,2025-10-16,7,13,18.1,0,0,N,
C2259,여,50,검색광고,베이직,2025-09-04,8,8,24.1,0,0,N,
C2260,남,44,소셜미디어,베이직,2025-05-14,12,11,37.2,1,0,N,
C2261,남,22,소셜미디어,베이직,2025-06-08,11,11,26.9,0,0,N,
C2262,남,52,소셜미디어,베이직,2023-12-17,29,11,29.4,1,2,N,
C2263,여,65,소셜미디어,베이직,2023-10-23,31,16,15.2,0,0,N,
C2264,여,50,지인추천,스탠다드,2024-07-11,22,12,22.0,2,0,N,
C2265,여,55,소셜미디어,베이직,2025-03-09,14,12,34.5,2,0,N,
C2266,남,39,소셜미디어,베이직,2025-03-20,14,11,17.6,1,0,N,
C2267,여,19,검색광고,프리미엄,2025-09-05,8,12,22.0,0,0,N,
C2268,남,19,제휴이벤트,프리미엄,2024-04-24,25,4,2.8,1,0,Y,2026-02-03
C2269,남,41,소셜미디어,스탠다드,2025-12-08,5,11,25.3,0,1,N,
C2270,여,31,소셜미디어,베이직,2024-09-21,20,10,20.3,0,0,N,
C2271,남,27,검색광고,베이직,2024-02-18,27,2,9.8,0,0,Y,2025-02-24
C2272,남,37,지인추천,베이직,2025-07-23,10,8,15.4,0,0,N,
C2273,여,45,제휴이벤트,베이직,2023-10-14,32,3,2.4,0,2,Y,2025-12-26
C2274,남,21,검색광고,프리미엄,2024-08-05,22,13,25.9,1,0,N,
C2275,남,33,검색광고,스탠다드,2025-09-09,8,10,12.2,1,1,N,
C2276,남,56,검색광고,베이직,2025-08-30,9,12,7.4,0,0,N,
C2277,남,25,지인추천,프리미엄,2024-02-29,27,12,19.6,1,0,N,
C2278,여,48,제휴이벤트,베이직,2023-11-25,30,13,39.6,0,0,N,
C2279,여,32,소셜미디어,베이직,2023-07-05,35,19,11.2,1,0,N,
C2280,남,45,소셜미디어,베이직,2023-09-04,33,11,12.5,0,1,N,
C2281,남,51,오프라인매장,베이직,2025-10-26,7,12,26.6,1,0,N,
C2282,남,47,오프라인매장,프리미엄,2025-09-12,8,13,16.1,1,0,N,
C2283,여,49,검색광고,베이직,2024-11-20,18,12,25.9,0,0,N,
C2284,여,24,검색광고,스탠다드,2025-01-28,16,9,15.7,0,0,N,
C2285,여,51,소셜미디어,베이직,2024-05-13,24,8,14.4,1,0,N,
C2286,남,28,오프라인매장,프리미엄,2023-12-22,29,8,11.5,2,0,N,
C2287,남,41,오프라인매장,스탠다드,2023-06-13,36,9,21.2,0,1,N,
C2288,남,41,오프라인매장,스탠다드,2025-05-16,12,11,11.5,1,0,N,
C2289,여,44,제휴이벤트,베이직,2023-07-08,35,10,13.9,0,0,N,
C2290,남,42,소셜미디어,프리미엄,2023-09-20,32,11,31.0,1,0,N,
C2291,여,28,소셜미디어,스탠다드,2025-09-22,8,13,48.0,2,0,N,
C2292,여,22,검색광고,베이직,2025-02-10,15,15,22.6,0,0,N,
C2293,남,48,제휴이벤트,프리미엄,2024-11-03,19,12,31.6,0,0,N,
C2294,남,40,지인추천,베이직,2024-01-19,28,5,14.8,0,0,N,
C2295,남,52,소셜미디어,베이직,2023-11-07,31,11,15.9,1,0,N,
C2296,남,37,검색광고,스탠다드,2024-10-09,19,3,8.0,3,1,Y,2026-04-05
C2297,남,21,오프라인매장,베이직,2024-06-16,23,3,4.9,1,0,Y,2026-01-20
C2298,여,50,오프라인매장,스탠다드,2024-12-20,17,15,14.3,0,0,N,
C2299,남,34,오프라인매장,베이직,2023-11-24,30,11,25.4,0,2,N,
C2300,남,42,검색광고,베이직,2024-02-02,28,14,18.3,1,2,N,
C2301,여,30,제휴이벤트,베이직,2023-09-29,32,2,6.7,0,1,Y,2026-03-22
C2302,여,58,오프라인매장,베이직,2024-08-26,21,13,16.3,0,0,N,
C2303,남,27,오프라인매장,프리미엄,2024-03-21,26,19,10.1,1,0,N,
C2304,여,34,오프라인매장,스탠다드,2024-01-24,28,8,19.7,1,0,N,
C2305,여,39,제휴이벤트,스탠다드,2025-01-06,17,10,12.3,0,0,N,
C2306,여,25,제휴이벤트,베이직,2024-11-11,18,11,6.9,0,0,N,
C2307,여,42,지인추천,스탠다드,2024-01-10,29,16,9.3,0,0,N,
C2308,남,57,소셜미디어,베이직,2025-06-14,11,12,16.5,0,0,N,
C2309,여,32,소셜미디어,베이직,2024-06-01,24,3,9.8,1,2,Y,2025-09-03
C2310,남,43,제휴이벤트,스탠다드,2024-05-29,24,13,27.6,2,0,N,
C2311,여,19,지인추천,스탠다드,2024-10-21,19,9,8.0,0,1,N,
C2312,여,38,검색광고,스탠다드,2023-10-27,31,8,23.2,2,1,N,
C2313,남,34,검색광고,프리미엄,2024-08-21,21,13,40.8,1,0,N,
C2314,남,28,제휴이벤트,프리미엄,2025-02-10,15,3,11.3,1,1,Y,2025-08-04
C2315,여,51,제휴이벤트,베이직,2023-10-15,31,14,19.3,2,0,N,
C2316,여,34,제휴이벤트,베이직,2025-01-22,16,17,20.1,0,0,N,
C2317,남,36,소셜미디어,베이직,2023-07-12,35,3,7.6,0,3,Y,2026-04-29
C2318,여,33,오프라인매장,스탠다드,2025-03-04,15,10,13.7,2,0,N,
C2319,여,19,제휴이벤트,프리미엄,2023-07-08,35,4,11.6,0,0,Y,2026-02-24
C2320,남,24,소셜미디어,프리미엄,2023-12-04,30,2,4.2,0,2,Y,2026-01-18
C2321,남,50,검색광고,베이직,2024-06-07,24,2,7.9,2,0,Y,2026-05-15
C2322,남,19,제휴이벤트,프리미엄,2025-03-16,14,9,6.8,0,0,N,
C2323,여,29,검색광고,스탠다드,2025-07-05,11,14,30.3,2,0,N,
C2324,남,33,지인추천,프리미엄,2024-10-12,19,12,19.4,0,0,N,
C2325,여,59,오프라인매장,스탠다드,2023-10-18,31,13,7.7,0,0,N,
C2326,남,47,오프라인매장,베이직,2024-07-17,22,16,35.4,0,0,N,
C2327,여,31,소셜미디어,베이직,2025-09-16,8,14,17.2,0,1,N,
C2328,남,54,오프라인매장,프리미엄,2023-09-05,33,11,8.7,0,0,N,
C2329,남,29,검색광고,베이직,2025-07-02,11,9,42.6,1,0,N,
C2330,여,50,제휴이벤트,베이직,2024-07-15,22,9,15.7,1,0,N,
C2331,남,22,검색광고,베이직,2023-06-05,36,18,11.6,0,0,N,
C2332,여,51,오프라인매장,베이직,2025-06-09,11,11,20.3,0,0,N,
C2333,여,33,오프라인매장,프리미엄,2023-06-29,35,9,9.3,0,0,N,
C2334,여,26,검색광고,베이직,2024-06-28,23,1,5.5,2,0,Y,2026-02-22
C2335,여,35,검색광고,베이직,2023-12-25,29,17,33.3,2,0,N,
C2336,남,41,오프라인매장,스탠다드,2025-02-11,15,12,43.9,1,0,N,
C2337,여,32,검색광고,스탠다드,2023-07-30,34,14,15.9,0,0,N,
C2338,여,45,검색광고,베이직,2023-09-05,33,9,22.5,0,0,N,
C2339,남,31,소셜미디어,베이직,2024-12-17,17,14,34.1,1,0,N,
C2340,남,45,제휴이벤트,베이직,2026-04-24,1,15,15.6,0,0,N,
C2341,여,43,지인추천,베이직,2023-07-13,35,10,11.4,1,0,N,
C2342,남,37,소셜미디어,베이직,2024-10-03,20,9,24.6,2,1,N,
C2343,여,33,제휴이벤트,베이직,2025-10-02,8,9,8.5,3,0,N,
C2344,여,40,소셜미디어,스탠다드,2024-04-05,26,2,4.3,1,0,Y,2026-02-09
C2345,여,45,소셜미디어,프리미엄,2024-11-07,19,8,7.6,1,0,N,
C2346,남,63,소셜미디어,프리미엄,2025-11-10,6,13,32.9,0,0,N,
C2347,남,49,소셜미디어,베이직,2025-07-15,10,12,18.6,0,0,N,
C2348,남,50,소셜미디어,베이직,2024-04-08,26,20,25.1,0,0,N,
C2349,남,69,오프라인매장,프리미엄,2025-08-08,9,12,11.1,3,0,N,
C2350,여,44,검색광고,스탠다드,2025-05-20,12,4,8.8,1,0,Y,2026-02-10
C2351,여,44,오프라인매장,스탠다드,2024-11-21,18,12,22.4,0,0,N,
C2352,남,46,검색광고,베이직,2024-09-12,20,12,42.5,1,1,N,
C2353,남,26,소셜미디어,베이직,2026-02-10,3,8,24.0,1,0,N,
C2354,여,33,검색광고,스탠다드,2025-12-18,5,11,27.6,3,0,N,
C2355,남,32,지인추천,스탠다드,2026-04-20,1,11,19.4,0,1,N,
C2356,여,46,오프라인매장,베이직,2025-05-20,12,11,3.3,1,0,N,
C2357,남,36,소셜미디어,프리미엄,2024-06-17,23,10,21.1,0,0,N,
C2358,여,40,검색광고,스탠다드,2023-09-25,32,2,6.6,3,0,Y,2026-01-06
C2359,남,51,검색광고,스탠다드,2023-10-13,32,10,16.0,0,2,N,
C2360,여,48,제휴이벤트,베이직,2026-03-10,2,5,5.6,1,0,Y,2026-04-20
C2361,남,36,소셜미디어,스탠다드,2024-06-21,23,8,16.0,0,1,N,
C2362,여,30,오프라인매장,스탠다드,2023-09-26,32,12,12.6,0,0,N,
C2363,남,52,소셜미디어,베이직,2024-01-24,28,18,26.3,1,0,N,
C2364,남,47,검색광고,스탠다드,2023-06-23,35,9,10.2,1,0,N,
C2365,여,19,오프라인매장,스탠다드,2024-12-17,17,11,39.7,0,0,N,
C2366,남,34,소셜미디어,프리미엄,2025-02-19,15,12,25.2,4,0,N,
C2367,남,40,검색광고,베이직,2024-07-07,23,8,29.8,0,0,N,
C2368,남,47,제휴이벤트,프리미엄,2025-08-01,10,15,10.6,0,0,N,
C2369,남,49,검색광고,스탠다드,2024-10-24,19,10,13.5,0,0,N,
C2370,남,41,소셜미디어,베이직,2026-03-19,2,3,7.6,2,0,Y,2026-04-24
C2371,여,45,소셜미디어,베이직,2025-08-21,9,15,18.1,0,0,N,
C2372,남,39,지인추천,베이직,2023-08-20,33,10,25.2,2,0,N,
C2373,여,30,오프라인매장,베이직,2024-03-18,26,11,18.1,0,0,N,
C2374,여,35,검색광고,스탠다드,2025-08-12,9,11,40.7,0,0,N,
C2375,남,38,제휴이벤트,스탠다드,2024-12-24,17,8,10.7,0,0,N,
C2376,여,38,지인추천,베이직,2025-08-11,9,15,9.5,0,0,N,
C2377,여,19,제휴이벤트,프리미엄,2024-05-22,24,17,13.2,0,0,N,
C2378,여,33,제휴이벤트,베이직,2023-07-11,35,16,16.0,0,0,N,
C2379,남,39,제휴이벤트,스탠다드,2025-09-13,8,8,31.1,0,0,N,
C2380,남,35,지인추천,프리미엄,2025-09-14,8,14,21.7,0,0,N,
C2381,남,35,소셜미디어,프리미엄,2025-04-12,13,15,3.8,0,0,N,
C2382,여,44,소셜미디어,스탠다드,2024-08-04,22,12,4.0,0,0,N,
C2383,여,25,오프라인매장,스탠다드,2023-06-10,36,13,16.8,2,0,N,
C2384,여,19,소셜미디어,베이직,2025-07-15,10,9,14.3,0,0,N,
C2385,남,34,오프라인매장,베이직,2025-05-03,13,4,6.8,1,0,Y,2026-01-05
C2386,여,47,검색광고,베이직,2025-05-12,12,11,16.0,2,0,N,
C2387,남,58,제휴이벤트,베이직,2023-11-29,30,14,37.8,0,0,N,
C2388,여,47,검색광고,베이직,2025-07-18,10,15,28.8,0,1,N,
C2389,남,20,제휴이벤트,베이직,2025-07-11,10,12,13.6,1,1,N,
C2390,여,35,검색광고,프리미엄,2025-11-30,6,12,17.9,1,1,N,
C2391,여,41,검색광고,프리미엄,2025-01-25,16,10,15.4,1,1,N,
C2392,남,40,제휴이벤트,프리미엄,2025-07-19,10,17,5.1,0,1,N,
C2393,남,44,제휴이벤트,스탠다드,2024-08-01,22,10,13.9,2,0,N,
C2394,여,27,오프라인매장,베이직,2025-06-11,11,11,14.0,2,0,N,
C2395,남,39,제휴이벤트,베이직,2025-06-09,11,15,12.4,1,0,N,
C2396,여,43,소셜미디어,스탠다드,2025-09-08,8,14,13.7,2,0,N,
C2397,여,48,제휴이벤트,스탠다드,2025-11-29,6,3,6.2,0,0,Y,2026-02-28
C2398,여,28,소셜미디어,베이직,2023-06-04,36,10,22.6,0,1,N,
C2399,남,34,지인추천,스탠다드,2025-09-07,8,14,12.9,1,0,N,
C2400,남,19,소셜미디어,스탠다드,2025-09-21,8,11,33.4,0,0,N,
C2401,남,31,검색광고,베이직,2025-01-01,17,14,10.6,0,0,N,
C2402,여,32,지인추천,베이직,2024-12-05,18,17,30.6,1,0,N,
C2403,남,26,오프라인매장,베이직,2025-07-09,10,5,8.3,0,0,Y,2025-12-25
C2404,남,40,검색광고,스탠다드,2024-09-27,20,13,9.0,0,0,N,
C2405,남,37,제휴이벤트,프리미엄,2024-08-14,21,8,15.3,0,0,N,
C2406,여,19,지인추천,스탠다드,2025-10-03,8,14,38.5,0,0,N,
C2407,남,41,검색광고,스탠다드,2025-09-18,8,10,10.7,0,0,N,
C2408,여,27,지인추천,프리미엄,2024-01-07,29,8,39.0,1,0,N,
C2409,여,44,검색광고,베이직,2025-10-30,7,12,23.0,0,0,N,
C2410,여,23,검색광고,스탠다드,2024-05-13,24,10,21.0,1,0,N,
C2411,여,38,오프라인매장,스탠다드,2023-10-25,31,13,22.3,0,0,N,
C2412,여,35,검색광고,스탠다드,2025-12-22,5,10,15.1,0,0,N,
C2413,여,42,검색광고,베이직,2024-02-09,28,15,1.5,0,1,N,
C2414,남,39,오프라인매장,프리미엄,2024-01-03,29,12,11.0,0,0,N,
C2415,여,35,검색광고,프리미엄,2024-03-14,26,14,18.3,1,0,N,
C2416,여,20,제휴이벤트,베이직,2024-11-05,19,14,21.4,1,0,N,
C2417,여,20,오프라인매장,베이직,2023-11-24,30,16,23.5,0,0,N,
C2418,여,31,검색광고,베이직,2023-11-17,30,8,23.0,1,0,N,
C2419,여,38,지인추천,스탠다드,2024-07-23,22,9,26.0,2,1,N,
C2420,여,31,검색광고,스탠다드,2024-01-19,28,9,46.5,1,0,N,
C2421,남,46,지인추천,베이직,2023-12-23,29,12,20.5,1,0,N,
C2422,남,35,검색광고,프리미엄,2026-01-27,4,2,13.0,0,0,Y,2026-03-30
C2423,남,26,제휴이벤트,베이직,2025-02-24,15,4,9.6,0,1,Y,2026-04-22
C2424,남,35,검색광고,스탠다드,2023-06-15,36,9,49.0,2,1,N,
C2425,남,41,오프라인매장,베이직,2023-09-17,32,6,19.0,0,0,N,
C2426,남,42,검색광고,스탠다드,2025-10-14,7,23,17.9,0,0,N,
C2427,남,61,검색광고,스탠다드,2024-03-14,26,14,31.5,0,0,N,
C2428,여,30,소셜미디어,베이직,2023-11-10,31,7,31.5,0,0,N,
C2429,남,37,지인추천,베이직,2025-05-09,12,16,15.8,0,0,N,
C2430,여,43,제휴이벤트,프리미엄,2025-11-09,6,19,23.5,2,0,N,
C2431,여,38,검색광고,스탠다드,2024-07-29,22,8,26.2,0,1,N,
C2432,남,32,검색광고,프리미엄,2025-07-31,10,13,25.4,1,0,N,
C2433,남,19,소셜미디어,스탠다드,2024-08-22,21,10,22.3,1,1,N,
C2434,남,32,소셜미디어,스탠다드,2023-09-24,32,7,6.5,0,0,N,
C2435,여,25,제휴이벤트,베이직,2025-09-27,8,15,25.6,0,0,N,
C2436,남,19,제휴이벤트,스탠다드,2026-02-03,3,3,10.5,3,1,Y,2026-04-02
C2437,여,28,제휴이벤트,베이직,2026-04-14,1,3,9.1,0,0,Y,2026-05-07
C2438,여,25,검색광고,베이직,2023-09-15,32,13,14.9,0,0,N,
C2439,여,45,소셜미디어,베이직,2025-01-22,16,14,36.6,1,1,N,
C2440,남,45,오프라인매장,베이직,2025-03-25,14,7,10.9,1,0,N,
C2441,남,27,소셜미디어,프리미엄,2023-08-24,33,10,31.8,0,0,N,
C2442,남,35,오프라인매장,프리미엄,2026-03-10,2,7,10.8,0,0,N,
C2443,남,19,검색광고,스탠다드,2023-09-18,32,9,29.9,0,0,N,
C2444,남,32,소셜미디어,베이직,2024-03-13,26,4,4.4,2,2,Y,2026-04-21
C2445,여,43,제휴이벤트,프리미엄,2026-03-28,2,15,29.0,0,1,N,
C2446,여,48,소셜미디어,스탠다드,2025-01-13,16,12,40.6,1,0,N,
C2447,여,29,제휴이벤트,베이직,2025-05-24,12,10,40.7,2,0,N,
C2448,여,51,소셜미디어,스탠다드,2024-11-07,19,9,36.3,0,1,N,
C2449,남,20,검색광고,스탠다드,2025-08-10,9,8,18.9,0,0,N,
C2450,여,23,소셜미디어,베이직,2023-08-26,33,13,13.6,0,0,N,
C2451,여,47,검색광고,스탠다드,2025-05-20,12,4,1.4,2,1,Y,2026-03-13
C2452,여,58,지인추천,스탠다드,2023-08-10,34,8,17.4,0,0,N,
C2453,여,44,검색광고,베이직,2023-12-09,30,10,30.6,1,0,N,
C2454,남,38,지인추천,베이직,2024-11-21,18,14,25.4,0,0,N,
C2455,남,19,제휴이벤트,스탠다드,2024-09-20,20,2,20.5,1,0,Y,2026-02-14
C2456,남,19,소셜미디어,스탠다드,2023-11-10,31,11,14.3,0,0,N,
C2457,남,40,검색광고,프리미엄,2025-09-27,8,16,42.0,0,0,N,
C2458,여,34,소셜미디어,프리미엄,2024-04-17,25,12,18.1,0,0,N,
C2459,남,25,오프라인매장,스탠다드,2025-12-09,5,2,4.3,4,1,Y,2026-04-15
C2460,여,39,지인추천,스탠다드,2023-06-16,36,13,21.9,0,0,N,
C2461,여,39,검색광고,스탠다드,2024-02-08,28,8,25.1,1,0,N,
C2462,남,49,지인추천,스탠다드,2024-04-12,25,7,34.6,1,0,N,
C2463,남,40,소셜미디어,베이직,2025-02-24,15,12,14.2,0,0,N,
C2464,여,53,소셜미디어,스탠다드,2024-08-01,22,8,21.9,2,0,N,
C2465,여,38,검색광고,스탠다드,2023-11-15,30,10,19.1,1,0,N,
C2466,남,37,제휴이벤트,스탠다드,2025-01-29,16,11,15.7,1,0,N,
C2467,남,51,검색광고,프리미엄,2026-03-17,2,9,39.9,0,0,N,
C2468,여,26,검색광고,스탠다드,2023-10-21,31,12,25.3,1,0,N,
C2469,남,69,검색광고,베이직,2024-02-24,27,4,1.9,0,2,Y,2026-04-10
C2470,여,43,지인추천,베이직,2024-10-22,19,13,22.1,1,1,N,
C2471,남,43,소셜미디어,베이직,2025-07-13,10,23,7.4,1,0,N,
C2472,남,44,검색광고,베이직,2023-10-24,31,13,21.0,1,0,N,
C2473,남,61,소셜미디어,스탠다드,2024-02-02,28,3,3.3,0,0,Y,2026-03-31
C2474,여,48,오프라인매장,베이직,2024-02-06,28,5,10.1,2,0,Y,2025-12-13
C2475,여,19,소셜미디어,베이직,2025-03-18,14,8,7.3,0,2,N,
C2476,남,55,제휴이벤트,베이직,2023-08-27,33,17,11.1,0,0,N,
C2477,여,34,소셜미디어,스탠다드,2025-05-03,13,14,28.2,4,0,N,
C2478,남,39,검색광고,스탠다드,2024-08-27,21,7,18.9,1,0,N,
C2479,남,23,제휴이벤트,베이직,2024-05-15,24,4,3.4,2,0,Y,2025-01-29
C2480,남,44,제휴이벤트,베이직,2025-12-05,5,11,38.6,2,0,N,
C2481,남,30,소셜미디어,베이직,2025-10-20,7,8,15.2,0,0,N,
C2482,여,39,제휴이벤트,베이직,2025-10-03,8,10,16.6,0,1,N,
C2483,남,35,지인추천,베이직,2025-12-29,5,14,17.4,1,0,N,
C2484,여,61,소셜미디어,베이직,2024-02-05,28,16,26.4,0,1,N,
C2485,남,62,제휴이벤트,베이직,2025-11-27,6,11,15.9,0,0,N,
C2486,여,39,오프라인매장,프리미엄,2023-12-05,30,16,17.8,2,0,N,
C2487,남,39,소셜미디어,스탠다드,2024-05-18,24,7,32.9,0,1,N,
C2488,여,34,지인추천,프리미엄,2025-01-12,16,13,30.9,0,0,N,
C2489,남,51,소셜미디어,베이직,2025-08-01,10,13,17.2,0,0,N,
C2490,남,34,검색광고,베이직,2025-02-05,16,10,17.5,0,3,N,
C2491,여,33,제휴이벤트,프리미엄,2025-01-16,16,14,3.7,0,0,N,
C2492,여,50,지인추천,베이직,2024-07-05,23,20,20.8,1,1,N,
C2493,여,32,지인추천,스탠다드,2025-02-21,15,14,28.7,0,0,N,
C2494,남,38,지인추천,프리미엄,2024-10-18,19,10,15.4,1,0,N,
C2495,여,19,지인추천,스탠다드,2024-10-21,19,18,35.8,1,0,N,
C2496,여,46,소셜미디어,베이직,2025-02-13,15,19,6.9,2,0,N,
C2497,여,61,제휴이벤트,스탠다드,2025-03-01,15,16,11.6,1,0,N,
C2498,남,47,지인추천,베이직,2024-05-17,24,13,34.3,0,1,N,
C2499,여,56,오프라인매장,베이직,2023-10-23,31,18,28.2,1,0,N,
C2500,여,28,소셜미디어,베이직,2024-04-15,25,2,2.6,0,0,Y,2025-09-04
C2501,여,41,소셜미디어,프리미엄,2024-08-09,22,1,3.0,1,1,Y,2025-01-25
C2502,남,27,검색광고,스탠다드,2023-11-19,30,13,25.5,0,0,N,
C2503,남,35,소셜미디어,베이직,2023-12-07,30,13,22.9,0,0,N,
C2504,여,47,검색광고,베이직,2026-03-09,2,2,6.6,1,0,Y,2026-04-19
C2505,여,39,오프라인매장,스탠다드,2024-03-25,26,3,14.0,0,0,Y,2026-03-29
C2506,여,21,제휴이벤트,프리미엄,2025-07-27,10,10,13.2,1,0,N,
C2507,남,22,소셜미디어,베이직,2023-10-15,31,11,5.0,0,0,N,
C2508,남,21,소셜미디어,베이직,2026-04-01,2,16,26.4,1,0,N,
C2509,여,44,오프라인매장,프리미엄,2024-01-13,28,12,29.3,1,0,N,
C2510,남,63,검색광고,프리미엄,2024-07-24,22,12,13.6,0,2,N,
C2511,남,54,제휴이벤트,프리미엄,2025-09-10,8,16,9.8,1,0,N,
C2512,여,19,소셜미디어,베이직,2024-01-01,29,7,5.1,0,0,N,
C2513,여,55,검색광고,베이직,2025-01-06,17,12,18.8,0,0,N,
C2514,여,49,검색광고,베이직,2025-09-14,8,10,22.3,0,3,N,
C2515,남,19,제휴이벤트,베이직,2023-06-26,35,16,30.4,1,1,N,
C2516,남,34,검색광고,프리미엄,2023-06-28,35,13,23.0,1,2,N,
C2517,여,51,오프라인매장,베이직,2025-09-17,8,4,5.7,2,0,Y,2026-04-11
C2518,남,45,검색광고,스탠다드,2024-03-06,27,14,20.8,0,0,N,
C2519,남,22,검색광고,프리미엄,2026-01-24,4,8,31.2,1,0,N,
C2520,남,45,제휴이벤트,프리미엄,2026-02-12,3,11,22.2,0,0,N,
C2521,여,19,검색광고,스탠다드,2025-12-24,5,3,11.6,3,0,Y,2026-03-27
C2522,여,35,검색광고,프리미엄,2026-04-27,1,16,10.1,1,0,N,
C2523,여,52,지인추천,베이직,2025-10-24,7,6,25.9,0,0,N,
C2524,여,38,제휴이벤트,베이직,2024-07-13,22,3,9.2,1,0,Y,2026-04-29
C2525,남,32,소셜미디어,베이직,2026-04-22,1,15,15.8,2,2,N,
C2526,남,49,검색광고,프리미엄,2024-06-03,24,6,31.5,1,0,N,
C2527,남,50,제휴이벤트,프리미엄,2025-02-14,15,13,46.2,0,0,N,
C2528,남,54,오프라인매장,베이직,2023-06-07,36,9,8.0,0,0,N,
C2529,남,48,제휴이벤트,베이직,2026-03-22,2,3,2.6,1,0,Y,2026-04-26
C2530,남,51,오프라인매장,베이직,2025-02-20,15,11,16.2,1,0,N,
C2531,남,47,오프라인매장,베이직,2026-03-07,2,10,18.1,2,0,N,
C2532,여,41,소셜미디어,프리미엄,2024-06-10,24,12,18.8,0,0,N,
C2533,여,39,소셜미디어,베이직,2024-04-29,25,14,13.3,1,0,N,
C2534,남,35,오프라인매장,스탠다드,2024-12-08,17,12,7.2,0,1,N,
C2535,남,23,오프라인매장,스탠다드,2025-12-06,5,13,16.6,0,1,N,
C2536,여,27,제휴이벤트,베이직,2025-01-05,17,11,18.1,0,0,N,
C2537,여,35,지인추천,베이직,2025-09-21,8,3,6.4,3,0,Y,2026-01-25
C2538,여,41,소셜미디어,프리미엄,2024-01-15,28,9,18.4,3,0,N,
C2539,남,55,지인추천,스탠다드,2025-09-04,8,8,21.1,0,0,N,
C2540,여,37,지인추천,베이직,2025-07-20,10,11,17.0,2,0,N,
C2541,남,50,소셜미디어,베이직,2026-01-10,4,9,13.3,0,0,N,
C2542,남,51,오프라인매장,프리미엄,2023-08-01,34,11,18.4,2,0,N,
C2543,남,35,지인추천,프리미엄,2024-07-14,22,7,21.9,2,0,N,
C2544,남,45,검색광고,프리미엄,2023-09-03,33,5,19.3,0,0,N,
C2545,남,35,지인추천,스탠다드,2024-07-31,22,12,47.7,0,0,N,
C2546,남,54,지인추천,프리미엄,2025-08-17,9,10,22.7,1,0,N,
C2547,여,46,제휴이벤트,베이직,2025-04-12,13,10,18.8,0,0,N,
C2548,남,24,소셜미디어,스탠다드,2025-08-10,9,2,4.9,0,0,Y,2025-12-14
C2549,남,40,지인추천,베이직,2025-07-25,10,13,12.4,2,0,N,
C2550,남,58,지인추천,스탠다드,2026-04-22,1,12,15.9,1,0,N,
C2551,남,36,지인추천,프리미엄,2025-12-23,5,15,16.2,0,0,N,
C2552,남,43,검색광고,프리미엄,2025-02-14,15,6,15.9,0,0,N,
C2553,남,45,제휴이벤트,스탠다드,2025-12-19,5,4,9.3,0,0,Y,2026-03-10
C2554,남,26,제휴이벤트,스탠다드,2023-07-22,34,3,12.4,0,2,Y,2025-08-30
C2555,여,44,지인추천,프리미엄,2025-07-08,10,2,10.6,2,1,Y,2026-02-14
C2556,여,21,지인추천,프리미엄,2024-12-07,18,13,24.9,2,0,N,
C2557,남,30,검색광고,스탠다드,2026-03-16,2,12,11.5,0,0,N,
C2558,여,51,지인추천,베이직,2024-11-18,18,19,33.2,0,0,N,
C2559,여,42,소셜미디어,베이직,2023-12-08,30,21,12.1,1,2,N,
C2560,여,34,오프라인매장,프리미엄,2025-07-11,10,16,21.6,1,0,N,
C2561,여,43,검색광고,스탠다드,2026-03-09,2,13,24.1,1,0,N,
C2562,여,37,오프라인매장,스탠다드,2023-06-18,35,8,33.7,0,0,N,
C2563,여,38,소셜미디어,스탠다드,2023-08-08,34,9,43.4,0,0,N,
C2564,여,46,오프라인매장,베이직,2025-05-05,13,16,15.6,2,0,N,
C2565,남,29,지인추천,베이직,2025-01-12,16,15,20.7,1,0,N,
C2566,남,38,검색광고,프리미엄,2025-01-05,17,11,32.2,0,0,N,
C2567,남,34,소셜미디어,베이직,2023-09-05,33,13,45.3,0,0,N,
C2568,남,19,제휴이벤트,스탠다드,2025-01-30,16,14,16.5,0,0,N,
C2569,남,27,지인추천,스탠다드,2025-01-25,16,16,11.8,0,1,N,
C2570,남,57,검색광고,프리미엄,2025-11-21,6,14,8.6,0,0,N,
C2571,여,43,소셜미디어,베이직,2024-07-20,22,15,6.7,1,0,N,
C2572,여,22,소셜미디어,스탠다드,2024-06-05,24,12,12.9,0,0,N,
C2573,여,20,지인추천,베이직,2023-08-26,33,8,29.1,0,0,N,
C2574,남,37,지인추천,베이직,2025-01-24,16,11,29.9,0,0,N,
C2575,남,57,검색광고,베이직,2025-04-21,13,8,22.7,0,0,N,
C2576,여,36,지인추천,베이직,2024-03-25,26,14,16.1,0,0,N,
C2577,여,54,오프라인매장,프리미엄,2025-07-18,10,10,23.2,0,0,N,
C2578,여,42,오프라인매장,프리미엄,2026-02-24,3,2,7.8,1,0,Y,2026-03-11
C2579,여,44,검색광고,베이직,2023-12-03,30,2,6.6,0,0,Y,2024-12-18
C2580,여,22,소셜미디어,프리미엄,2025-01-30,16,5,22.2,0,0,N,
C2581,남,49,소셜미디어,스탠다드,2025-06-09,11,16,15.7,0,0,N,
C2582,남,34,검색광고,스탠다드,2023-06-20,35,19,22.1,1,0,N,
C2583,남,48,소셜미디어,프리미엄,2023-12-08,30,13,23.9,3,1,N,
C2584,여,28,검색광고,스탠다드,2024-07-26,22,12,26.8,0,0,N,
C2585,여,40,검색광고,베이직,2023-10-25,31,18,7.4,0,0,N,
C2586,남,42,오프라인매장,베이직,2024-06-13,23,8,33.5,1,0,N,
C2587,여,36,소셜미디어,스탠다드,2023-11-04,31,13,18.1,1,0,N,
C2588,남,43,오프라인매장,프리미엄,2026-01-10,4,2,17.5,0,0,Y,2026-03-21
C2589,남,35,검색광고,스탠다드,2025-02-28,15,15,29.2,0,0,N,
C2590,남,30,지인추천,베이직,2024-05-16,24,3,4.8,0,2,Y,2026-04-05
C2591,남,57,소셜미디어,베이직,2025-09-07,8,5,10.0,1,0,Y,2026-03-19
C2592,여,51,오프라인매장,프리미엄,2023-06-20,35,9,32.3,0,1,N,
C2593,남,29,오프라인매장,베이직,2025-02-25,15,4,6.8,0,0,Y,2025-08-05
C2594,여,45,소셜미디어,스탠다드,2025-05-28,12,2,4.6,1,1,Y,2025-09-01
C2595,여,29,지인추천,스탠다드,2025-10-09,7,9,10.5,1,0,N,
C2596,남,24,검색광고,베이직,2024-01-23,28,15,8.5,1,0,N,
C2597,남,50,지인추천,베이직,2025-02-19,15,4,2.1,0,0,Y,2026-02-05
C2598,여,19,검색광고,베이직,2025-08-26,9,11,18.3,0,0,N,
C2599,남,49,소셜미디어,베이직,2025-09-27,8,2,10.8,0,0,N,
C2600,여,35,검색광고,스탠다드,2023-12-05,30,9,13.6,0,0,N,
C2601,남,35,제휴이벤트,프리미엄,2026-04-05,1,2,17.7,1,0,Y,2026-05-03
C2602,여,43,소셜미디어,베이직,2024-03-18,26,13,23.9,0,0,N,
C2603,여,45,지인추천,스탠다드,2024-07-21,22,10,11.8,2,0,N,
C2604,남,28,소셜미디어,베이직,2023-12-22,29,12,54.3,1,0,N,
C2605,남,47,소셜미디어,베이직,2023-11-07,31,7,22.0,1,0,N,
C2606,여,39,검색광고,스탠다드,2024-02-28,27,10,2.6,1,0,N,
C2607,남,23,제휴이벤트,스탠다드,2023-10-23,31,6,20.8,0,0,Y,2026-04-05
C2608,남,36,오프라인매장,스탠다드,2025-07-20,10,18,39.0,1,0,N,
C2609,남,55,검색광고,베이직,2025-02-26,15,8,22.4,0,0,N,
C2610,남,58,오프라인매장,스탠다드,2024-07-20,22,9,18.2,0,0,N,
C2611,여,47,소셜미디어,베이직,2025-01-03,17,6,28.9,1,0,N,
C2612,여,24,검색광고,프리미엄,2025-03-05,15,15,21.4,1,0,N,
C2613,남,44,지인추천,스탠다드,2023-12-14,29,10,15.0,2,0,N,
C2614,여,48,검색광고,프리미엄,2024-04-12,25,12,14.5,1,1,N,
C2615,남,47,검색광고,베이직,2025-12-26,5,16,31.2,0,0,N,
C2616,남,47,오프라인매장,스탠다드,2023-06-13,36,3,4.7,3,0,Y,2024-12-08
C2617,여,42,소셜미디어,스탠다드,2026-03-15,2,9,31.0,0,2,N,
C2618,여,37,제휴이벤트,베이직,2026-03-23,2,11,19.7,1,1,N,
C2619,남,31,오프라인매장,스탠다드,2024-02-25,27,17,7.6,2,0,N,
C2620,남,19,제휴이벤트,스탠다드,2024-05-07,25,17,32.2,1,0,N,
C2621,여,42,지인추천,프리미엄,2024-01-07,29,10,12.0,3,0,N,
C2622,여,40,제휴이벤트,베이직,2025-01-18,16,3,5.1,0,1,Y,2025-12-16
C2623,남,45,소셜미디어,프리미엄,2024-01-14,28,13,17.3,1,0,N,
C2624,남,22,지인추천,베이직,2025-09-20,8,12,18.8,0,0,N,
C2625,여,46,지인추천,스탠다드,2024-07-17,22,14,22.5,3,0,N,
C2626,남,63,제휴이벤트,스탠다드,2026-03-27,2,9,31.4,0,1,N,
C2627,남,39,검색광고,베이직,2025-11-25,6,10,30.8,1,0,N,
C2628,남,37,지인추천,프리미엄,2024-08-01,22,12,14.3,0,2,N,
C2629,남,42,오프라인매장,프리미엄,2025-02-24,15,15,14.6,0,0,N,
C2630,남,62,소셜미디어,프리미엄,2023-06-26,35,12,29.7,1,0,N,
C2631,여,26,제휴이벤트,프리미엄,2023-08-11,34,14,10.8,0,0,N,
C2632,여,40,소셜미디어,스탠다드,2024-11-20,18,9,19.7,0,0,N,
C2633,여,28,검색광고,스탠다드,2024-10-16,19,14,37.5,0,0,N,
C2634,여,31,지인추천,프리미엄,2024-07-29,22,7,15.4,1,0,N,
C2635,남,37,소셜미디어,베이직,2023-09-05,33,8,8.4,1,0,N,
C2636,남,54,검색광고,프리미엄,2025-11-11,6,9,12.0,0,0,N,
C2637,여,60,검색광고,스탠다드,2024-08-06,22,2,5.0,0,1,Y,2025-07-15
C2638,남,43,검색광고,스탠다드,2024-10-13,19,14,11.4,1,0,N,
C2639,여,33,오프라인매장,베이직,2024-08-03,22,17,16.9,0,0,N,
C2640,여,68,제휴이벤트,베이직,2024-11-11,18,8,51.4,0,0,N,
C2641,남,33,지인추천,베이직,2025-04-21,13,3,9.9,2,0,Y,2025-11-09
C2642,남,31,검색광고,베이직,2025-08-22,9,3,7.1,1,0,Y,2025-08-30
C2643,남,19,지인추천,베이직,2025-01-06,17,3,7.4,3,1,Y,2026-04-26
C2644,남,55,제휴이벤트,베이직,2023-11-24,30,4,5.3,0,0,Y,2025-09-11
C2645,남,50,오프라인매장,베이직,2025-12-18,5,2,7.4,0,0,Y,2026-03-10
C2646,남,67,소셜미디어,스탠다드,2024-03-30,26,19,36.7,1,1,N,
C2647,여,21,검색광고,베이직,2023-06-18,35,3,8.0,0,2,Y,2026-05-08
C2648,여,55,제휴이벤트,프리미엄,2023-07-12,35,12,30.8,0,1,N,
C2649,여,39,제휴이벤트,베이직,2025-09-02,9,8,28.7,0,0,N,
C2650,남,48,검색광고,스탠다드,2024-07-17,22,9,50.2,0,0,N,
C2651,남,19,제휴이벤트,베이직,2023-06-25,35,9,28.5,1,0,N,
C2652,남,56,검색광고,스탠다드,2025-10-12,7,14,48.4,1,0,N,
C2653,남,47,검색광고,스탠다드,2024-04-20,25,17,31.9,2,0,N,
C2654,여,38,오프라인매장,스탠다드,2026-04-07,1,2,9.0,1,1,Y,2026-05-04
C2655,남,46,지인추천,베이직,2025-12-23,5,10,12.7,0,0,N,
C2656,남,29,소셜미디어,스탠다드,2023-07-22,34,14,30.7,2,1,N,
C2657,여,31,제휴이벤트,베이직,2025-06-05,12,4,12.8,1,3,Y,2026-01-03
C2658,남,32,제휴이벤트,스탠다드,2025-03-04,15,10,32.4,0,0,N,
C2659,남,19,검색광고,베이직,2023-12-01,30,10,3.4,1,0,N,
C2660,남,48,지인추천,스탠다드,2024-05-31,24,2,6.1,1,2,Y,2026-02-23
C2661,여,52,오프라인매장,베이직,2024-11-04,19,12,24.6,2,0,N,
C2662,여,30,지인추천,스탠다드,2023-11-03,31,11,15.8,1,0,N,
C2663,남,42,제휴이벤트,베이직,2025-07-08,10,10,14.5,0,0,N,
C2664,여,35,오프라인매장,베이직,2024-03-22,26,11,13.2,1,0,N,
C2665,여,42,검색광고,베이직,2026-02-23,3,4,3.1,0,0,Y,2026-04-06
C2666,여,30,검색광고,베이직,2025-10-01,8,3,23.9,2,0,N,
C2667,남,27,제휴이벤트,스탠다드,2025-04-06,14,6,14.0,1,1,N,
C2668,남,51,제휴이벤트,프리미엄,2023-10-06,32,5,15.5,0,0,N,
C2669,여,37,검색광고,스탠다드,2023-06-27,35,15,17.7,1,0,N,
C2670,남,62,검색광고,베이직,2023-11-03,31,14,25.9,3,0,N,
C2671,여,39,오프라인매장,베이직,2024-11-14,18,3,8.9,0,2,Y,2026-05-18
C2672,여,27,검색광고,프리미엄,2025-09-10,8,6,21.7,1,0,N,
C2673,남,53,검색광고,베이직,2023-11-10,31,6,4.8,0,0,N,
C2674,여,46,제휴이벤트,베이직,2025-06-23,11,22,31.1,1,0,N,
C2675,여,47,제휴이벤트,프리미엄,2023-07-21,34,9,42.3,0,1,N,
C2676,여,52,제휴이벤트,베이직,2024-03-09,27,10,21.4,0,0,N,
C2677,남,30,오프라인매장,베이직,2025-02-27,15,13,10.6,0,1,N,
C2678,여,36,소셜미디어,베이직,2025-10-30,7,12,14.7,0,0,N,
C2679,여,36,제휴이벤트,스탠다드,2025-09-05,8,5,4.4,1,2,Y,2026-03-15
C2680,여,23,소셜미디어,베이직,2024-12-19,17,4,15.9,2,0,Y,2025-07-20
C2681,여,35,소셜미디어,스탠다드,2023-07-09,35,11,15.4,0,0,N,
C2682,여,54,제휴이벤트,베이직,2024-04-08,26,11,21.9,0,0,N,
C2683,남,41,오프라인매장,베이직,2025-09-12,8,16,17.4,0,0,N,
C2684,남,22,제휴이벤트,베이직,2023-08-26,33,2,10.1,0,2,Y,2026-04-30
C2685,남,19,검색광고,프리미엄,2025-06-22,11,18,12.2,0,0,N,
C2686,여,58,제휴이벤트,베이직,2025-06-19,11,3,8.6,1,1,Y,2025-12-31
C2687,여,37,지인추천,스탠다드,2025-08-09,9,9,15.5,0,0,N,
C2688,여,30,오프라인매장,베이직,2024-01-18,28,12,33.1,0,1,N,
C2689,남,35,제휴이벤트,베이직,2024-02-16,27,14,5.1,1,0,N,
C2690,여,20,소셜미디어,베이직,2023-12-29,29,3,6.6,1,2,Y,2026-01-31
C2691,여,55,오프라인매장,스탠다드,2024-07-24,22,13,31.5,1,0,N,
C2692,남,33,지인추천,스탠다드,2024-12-10,17,9,29.7,0,0,N,
C2693,여,54,오프라인매장,프리미엄,2023-10-06,32,9,8.1,1,0,N,
C2694,여,39,제휴이벤트,프리미엄,2025-01-25,16,10,28.1,1,0,N,
C2695,여,55,오프라인매장,스탠다드,2024-02-10,28,11,11.6,0,0,N,
C2696,남,41,검색광고,스탠다드,2025-01-19,16,12,13.5,0,1,N,
C2697,여,48,검색광고,스탠다드,2024-04-18,25,3,12.3,2,1,Y,2026-05-17
C2698,여,47,제휴이벤트,스탠다드,2026-03-13,2,12,16.2,2,0,N,
C2699,여,45,제휴이벤트,베이직,2024-05-06,25,3,3.1,0,1,Y,2026-05-26
C2700,여,42,제휴이벤트,프리미엄,2025-12-14,5,3,4.0,0,0,Y,2026-05-09
C2701,여,35,검색광고,프리미엄,2023-12-04,30,10,19.8,0,0,N,
C2702,남,61,소셜미디어,베이직,2023-08-30,33,7,15.9,1,0,N,
C2703,여,27,오프라인매장,프리미엄,2023-12-18,29,16,15.8,0,0,N,
C2704,남,38,오프라인매장,프리미엄,2024-08-20,21,5,25.1,1,0,N,
C2705,여,38,검색광고,베이직,2026-01-16,4,13,22.8,2,0,N,
C2706,남,43,지인추천,프리미엄,2023-12-05,30,12,16.5,0,0,N,
C2707,남,33,검색광고,베이직,2025-09-12,8,13,30.0,0,0,N,
C2708,여,42,지인추천,베이직,2025-06-12,11,15,25.2,1,2,N,
C2709,남,36,검색광고,베이직,2024-06-01,24,12,22.1,2,0,N,
C2710,여,19,검색광고,스탠다드,2024-05-24,24,12,14.6,1,1,N,
C2711,남,38,검색광고,베이직,2026-03-06,2,9,32.3,0,1,N,
C2712,여,25,제휴이벤트,프리미엄,2025-07-01,11,6,15.7,1,0,N,
C2713,여,19,오프라인매장,베이직,2024-02-10,28,15,16.4,2,0,N,
C2714,남,40,제휴이벤트,베이직,2026-01-27,4,2,16.1,0,0,Y,2026-03-30
C2715,여,44,소셜미디어,스탠다드,2024-08-07,22,14,11.9,0,1,N,
C2716,남,44,소셜미디어,베이직,2023-08-24,33,7,11.8,0,0,N,
C2717,여,45,소셜미디어,스탠다드,2025-10-14,7,13,16.8,1,1,N,
C2718,여,19,지인추천,베이직,2025-12-12,5,14,10.5,1,0,N,
C2719,여,22,소셜미디어,프리미엄,2024-09-14,20,20,10.7,0,0,N,
C2720,남,62,오프라인매장,스탠다드,2025-06-19,11,8,39.7,0,0,N,
C2721,남,25,제휴이벤트,베이직,2024-02-05,28,2,6.6,0,0,Y,2025-01-11
C2722,여,45,제휴이벤트,베이직,2025-11-22,6,17,22.5,1,0,N,
C2723,여,30,검색광고,베이직,2024-06-27,23,8,8.5,1,0,N,
C2724,남,39,지인추천,프리미엄,2024-03-11,27,3,4.6,0,0,Y,2026-05-05
C2725,남,30,검색광고,스탠다드,2024-11-15,18,11,42.5,0,0,N,
C2726,남,45,검색광고,베이직,2024-03-11,27,11,10.6,0,0,N,
C2727,여,40,오프라인매장,베이직,2025-03-22,14,10,22.9,0,0,N,
C2728,남,33,지인추천,프리미엄,2025-08-05,9,2,1.3,1,0,Y,2026-04-02
C2729,남,25,오프라인매장,베이직,2024-08-05,22,14,8.1,0,0,N,
C2730,여,41,검색광고,스탠다드,2025-09-12,8,15,16.5,0,0,N,
C2731,남,23,제휴이벤트,스탠다드,2024-09-02,21,16,29.5,0,1,N,
C2732,여,43,제휴이벤트,베이직,2026-03-30,2,3,7.7,3,0,Y,2026-04-30
C2733,남,69,소셜미디어,스탠다드,2024-03-08,27,12,17.3,0,0,N,
C2734,여,54,제휴이벤트,베이직,2025-06-20,11,16,26.2,0,0,N,
C2735,여,47,검색광고,베이직,2024-12-22,17,7,21.3,1,0,N,
C2736,여,37,오프라인매장,프리미엄,2026-03-01,3,13,6.9,0,0,N,
C2737,남,19,제휴이벤트,스탠다드,2024-01-20,28,16,18.6,1,0,N,
C2738,여,22,제휴이벤트,프리미엄,2023-12-27,29,9,14.8,0,2,N,
C2739,여,53,제휴이벤트,스탠다드,2025-12-10,5,7,16.9,0,0,N,
C2740,남,29,소셜미디어,베이직,2026-01-15,4,7,14.6,1,2,N,
C2741,남,30,제휴이벤트,스탠다드,2025-08-04,10,13,18.7,1,0,N,
C2742,남,36,오프라인매장,스탠다드,2024-10-18,19,6,23.3,2,0,N,
C2743,여,25,검색광고,베이직,2024-08-10,21,5,3.6,1,0,Y,2026-05-14
C2744,여,23,검색광고,베이직,2025-05-10,12,11,13.0,0,0,N,
C2745,여,37,오프라인매장,스탠다드,2025-08-04,10,17,25.8,0,0,N,
C2746,여,27,지인추천,스탠다드,2024-03-20,26,17,27.4,1,0,N,
C2747,여,29,지인추천,베이직,2023-06-08,36,24,36.9,0,2,N,
C2748,남,29,제휴이벤트,프리미엄,2023-08-18,33,9,19.4,2,0,N,
C2749,남,44,오프라인매장,베이직,2024-06-01,24,10,12.6,0,0,N,
C2750,여,35,소셜미디어,베이직,2025-05-27,12,9,13.1,0,0,N,
C2751,남,36,소셜미디어,베이직,2024-09-11,20,15,19.1,0,0,N,
C2752,여,45,지인추천,프리미엄,2025-03-20,14,7,11.4,2,0,N,
C2753,여,36,오프라인매장,베이직,2024-10-13,19,14,35.6,0,1,N,
C2754,남,35,지인추천,스탠다드,2024-02-24,27,11,14.5,0,0,N,
C2755,여,44,지인추천,베이직,2025-08-06,9,15,33.2,0,0,N,
C2756,남,46,오프라인매장,스탠다드,2025-07-10,10,2,4.2,0,0,Y,2026-01-02
C2757,여,36,오프라인매장,스탠다드,2026-03-22,2,17,17.0,0,0,N,
C2758,여,39,제휴이벤트,베이직,2025-10-27,7,14,15.7,0,0,N,
C2759,여,29,검색광고,프리미엄,2024-07-09,23,16,8.4,0,0,N,
C2760,남,28,오프라인매장,베이직,2025-06-20,11,10,16.3,2,0,N,
C2761,남,47,지인추천,베이직,2024-06-08,24,9,21.2,0,0,N,
C2762,남,43,검색광고,스탠다드,2025-12-16,5,13,4.9,1,0,N,
C2763,남,43,오프라인매장,스탠다드,2025-03-12,14,21,24.3,1,0,N,
C2764,남,41,오프라인매장,베이직,2025-11-05,6,15,22.1,1,0,N,
C2765,남,39,지인추천,스탠다드,2024-03-26,26,12,18.5,1,3,N,
C2766,여,46,오프라인매장,베이직,2023-06-16,36,14,26.8,1,0,N,
C2767,남,49,소셜미디어,스탠다드,2023-10-29,31,12,27.7,0,0,N,
C2768,남,49,검색광고,스탠다드,2024-12-17,17,4,24.1,1,1,Y,2026-01-20
C2769,여,37,소셜미디어,프리미엄,2026-03-21,2,13,8.1,0,0,N,
C2770,여,55,소셜미디어,스탠다드,2025-03-29,14,5,38.3,0,1,N,
C2771,여,41,오프라인매장,스탠다드,2025-10-10,7,9,30.2,2,0,N,
C2772,여,46,제휴이벤트,스탠다드,2024-10-12,19,14,22.1,2,0,N,
C2773,여,41,오프라인매장,베이직,2026-03-17,2,22,10.7,0,0,N,
C2774,여,41,검색광고,베이직,2026-02-27,3,10,15.1,0,0,N,
C2775,여,29,소셜미디어,프리미엄,2024-01-18,28,12,14.0,0,1,N,
C2776,여,46,검색광고,베이직,2025-12-05,5,2,7.0,0,0,Y,2026-01-03
C2777,남,69,오프라인매장,스탠다드,2023-06-19,35,14,26.3,0,0,N,
C2778,남,34,검색광고,베이직,2025-02-21,15,3,13.9,1,1,Y,2026-04-12
C2779,남,39,지인추천,프리미엄,2024-09-08,21,13,43.7,1,0,N,
C2780,남,33,오프라인매장,베이직,2024-04-16,25,10,15.1,0,0,N,
C2781,여,32,오프라인매장,프리미엄,2026-02-19,3,11,20.4,1,0,N,
C2782,남,57,소셜미디어,스탠다드,2025-05-06,13,7,11.8,1,0,N,
C2783,남,30,소셜미디어,베이직,2023-10-26,31,9,30.9,0,0,N,
C2784,남,32,오프라인매장,스탠다드,2023-10-27,31,8,22.8,1,1,N,
C2785,여,19,지인추천,스탠다드,2023-10-03,32,15,16.7,0,0,N,
C2786,남,29,검색광고,베이직,2024-04-19,25,8,7.8,1,2,N,
C2787,여,19,제휴이벤트,베이직,2023-08-13,34,15,20.5,0,0,N,
C2788,여,46,지인추천,스탠다드,2024-03-08,27,15,21.6,0,0,N,
C2789,남,69,지인추천,스탠다드,2025-08-23,9,11,6.5,1,0,N,
C2790,여,34,검색광고,베이직,2025-12-17,5,9,9.2,0,0,N,
C2791,남,19,소셜미디어,프리미엄,2025-09-15,8,11,20.3,2,0,N,
C2792,남,49,소셜미디어,베이직,2024-11-10,18,3,16.7,0,0,Y,2025-09-05
C2793,여,29,소셜미디어,베이직,2025-06-10,11,7,32.6,0,1,N,
C2794,여,54,지인추천,스탠다드,2026-03-02,3,11,16.9,0,0,N,
C2795,남,35,소셜미디어,베이직,2023-07-27,34,10,15.6,2,0,N,
C2796,여,30,제휴이벤트,베이직,2026-01-19,4,18,12.8,0,0,N,
C2797,남,36,제휴이벤트,스탠다드,2025-07-10,10,18,12.1,0,0,N,
C2798,여,47,검색광고,베이직,2024-07-16,22,8,16.2,0,0,N,
C2799,여,35,검색광고,베이직,2024-09-20,20,10,48.0,0,0,N,
C2800,여,32,오프라인매장,스탠다드,2024-09-10,20,5,15.6,0,2,N,
C2801,여,36,제휴이벤트,스탠다드,2023-11-16,30,8,18.7,0,1,N,
C2802,남,23,제휴이벤트,프리미엄,2024-02-01,28,4,3.8,0,2,Y,2026-02-22
C2803,여,43,검색광고,스탠다드,2024-04-10,26,8,24.8,0,0,N,
C2804,여,19,소셜미디어,스탠다드,2023-06-07,36,10,18.6,0,1,N,
C2805,여,33,검색광고,베이직,2024-11-15,18,10,15.1,0,2,N,
C2806,남,47,제휴이벤트,스탠다드,2024-10-20,19,4,4.4,0,0,Y,2026-05-18
C2807,남,42,지인추천,베이직,2024-05-17,24,9,12.4,0,1,N,
C2808,남,45,지인추천,베이직,2023-12-05,30,10,14.6,0,0,N,
C2809,남,37,지인추천,프리미엄,2026-03-29,2,3,6.0,1,0,Y,2026-04-29
C2810,남,52,소셜미디어,스탠다드,2025-05-23,12,10,10.8,1,0,N,
C2811,남,49,지인추천,스탠다드,2024-10-18,19,12,17.7,0,0,N,
C2812,여,43,검색광고,베이직,2025-07-09,10,4,8.3,0,0,Y,2026-05-09
C2813,남,49,지인추천,베이직,2024-07-01,23,8,27.0,2,0,N,
C2814,여,47,오프라인매장,스탠다드,2024-01-16,28,11,40.6,0,0,N,
C2815,여,33,오프라인매장,스탠다드,2025-05-17,12,8,6.4,1,1,N,
C2816,여,22,소셜미디어,스탠다드,2025-08-29,9,9,22.3,0,0,N,
C2817,남,43,제휴이벤트,베이직,2025-04-23,13,6,16.0,1,0,N,
C2818,남,45,오프라인매장,베이직,2025-01-24,16,2,2.1,1,0,Y,2026-03-14
C2819,여,51,검색광고,스탠다드,2023-06-03,36,14,13.3,0,0,N,
C2820,여,27,검색광고,스탠다드,2025-04-10,13,17,6.9,1,1,N,
C2821,남,27,지인추천,베이직,2025-03-20,14,11,25.6,0,0,N,
C2822,여,44,소셜미디어,베이직,2024-08-13,21,15,24.0,0,0,N,
C2823,여,37,검색광고,베이직,2024-02-15,27,11,19.8,0,2,N,
C2824,여,19,검색광고,베이직,2026-04-08,1,3,5.0,0,0,Y,2026-05-04
C2825,남,43,검색광고,스탠다드,2024-07-04,23,13,35.3,0,0,N,
C2826,여,19,지인추천,베이직,2024-03-16,26,14,10.1,0,0,N,
C2827,남,27,지인추천,스탠다드,2025-06-22,11,11,15.2,0,0,N,
C2828,여,54,검색광고,스탠다드,2024-10-26,19,13,16.6,1,1,N,
C2829,남,60,오프라인매장,프리미엄,2025-01-14,16,12,17.9,1,0,N,
C2830,남,23,소셜미디어,프리미엄,2025-04-21,13,6,52.5,0,0,N,
C2831,여,34,소셜미디어,베이직,2024-06-27,23,11,38.9,2,0,N,
C2832,남,39,검색광고,베이직,2023-11-10,31,11,23.6,0,0,N,
C2833,남,59,오프라인매장,베이직,2023-11-26,30,12,18.6,1,0,N,
C2834,남,32,제휴이벤트,스탠다드,2026-02-25,3,10,18.5,0,0,N,
C2835,남,32,지인추천,베이직,2024-11-20,18,13,26.6,0,0,N,
C2836,남,57,검색광고,베이직,2024-08-18,21,11,32.0,1,0,N,
C2837,남,34,소셜미디어,베이직,2024-05-06,25,11,9.9,0,0,N,
C2838,여,47,검색광고,베이직,2025-07-08,10,12,40.8,1,0,N,
C2839,여,20,제휴이벤트,스탠다드,2026-01-28,4,3,9.2,1,0,Y,2026-03-30
C2840,남,36,검색광고,스탠다드,2025-08-27,9,16,13.9,1,1,N,
C2841,여,19,제휴이벤트,스탠다드,2024-12-21,17,13,17.3,0,0,N,
C2842,남,25,지인추천,프리미엄,2024-10-19,19,14,23.6,0,2,N,
C2843,여,48,지인추천,베이직,2025-12-09,5,2,9.7,1,0,Y,2026-01-19
C2844,남,37,제휴이벤트,베이직,2025-11-28,6,3,4.4,0,0,Y,2026-01-31
C2845,여,34,검색광고,베이직,2024-07-20,22,16,18.2,0,0,N,
C2846,남,29,오프라인매장,스탠다드,2026-03-23,2,13,20.7,1,0,N,
C2847,여,35,검색광고,스탠다드,2025-10-29,7,13,32.2,0,0,N,
C2848,남,42,제휴이벤트,베이직,2025-11-18,6,11,33.9,0,1,N,
C2849,여,50,지인추천,프리미엄,2023-07-31,34,13,9.3,1,1,N,
C2850,남,19,검색광고,베이직,2023-10-17,31,15,19.1,0,0,N,
C2851,여,28,제휴이벤트,베이직,2024-04-13,25,3,5.4,0,0,Y,2026-04-24
C2852,여,40,검색광고,스탠다드,2025-08-19,9,10,23.4,0,0,N,
C2853,여,37,검색광고,프리미엄,2023-08-23,33,6,20.5,2,0,Y,2026-03-18
C2854,여,43,오프라인매장,스탠다드,2023-08-28,33,14,30.3,1,0,N,
C2855,여,41,소셜미디어,프리미엄,2023-07-04,35,14,24.4,1,0,N,
C2856,남,34,제휴이벤트,베이직,2023-12-22,29,4,11.1,3,0,Y,2026-04-28
C2857,남,32,지인추천,스탠다드,2026-02-03,3,18,37.6,2,0,N,
C2858,남,35,지인추천,프리미엄,2025-07-08,10,16,29.0,0,0,N,
C2859,남,52,소셜미디어,스탠다드,2025-07-03,11,14,10.2,2,0,N,
C2860,여,29,검색광고,베이직,2024-04-07,26,14,42.3,0,0,N,
C2861,여,37,제휴이벤트,프리미엄,2025-03-27,14,1,8.0,1,0,Y,2026-01-06
C2862,여,40,검색광고,베이직,2025-09-07,8,11,22.9,0,0,N,
C2863,여,57,지인추천,베이직,2024-12-19,17,12,33.9,1,2,N,
C2864,여,34,소셜미디어,프리미엄,2025-11-28,6,13,49.9,1,0,N,
C2865,여,50,소셜미디어,프리미엄,2025-01-27,16,13,15.2,0,0,N,
C2866,여,53,지인추천,프리미엄,2024-05-11,25,9,33.0,1,0,N,
C2867,남,37,오프라인매장,프리미엄,2025-04-11,13,9,14.7,4,0,N,
C2868,여,35,오프라인매장,베이직,2026-03-01,3,12,22.0,0,0,N,
C2869,여,34,제휴이벤트,프리미엄,2025-10-28,7,10,8.4,1,0,N,
C2870,남,35,소셜미디어,베이직,2024-11-12,18,10,14.7,1,0,N,
C2871,남,48,소셜미디어,스탠다드,2025-02-25,15,16,21.4,1,2,N,
C2872,여,41,검색광고,베이직,2026-04-05,1,16,25.1,1,0,N,
C2873,여,41,오프라인매장,프리미엄,2025-08-06,9,11,24.4,2,0,N,
C2874,여,24,소셜미디어,스탠다드,2024-11-17,18,7,30.9,0,0,N,
C2875,여,26,지인추천,프리미엄,2024-03-26,26,16,15.9,0,0,N,
C2876,남,64,검색광고,베이직,2026-01-20,4,18,18.3,1,0,N,
C2877,남,36,제휴이벤트,베이직,2026-04-06,1,11,18.7,1,0,N,
C2878,여,29,제휴이벤트,베이직,2023-08-15,34,5,6.6,0,0,Y,2026-05-15
C2879,여,55,제휴이벤트,베이직,2023-07-04,35,2,4.8,2,0,Y,2025-12-09
C2880,여,41,검색광고,스탠다드,2023-10-01,32,9,20.1,0,0,N,
C2881,여,45,제휴이벤트,베이직,2024-07-16,22,10,28.4,0,3,N,
C2882,남,36,검색광고,스탠다드,2023-11-18,30,8,22.7,2,0,N,
C2883,여,34,소셜미디어,베이직,2025-12-26,5,3,6.2,2,0,Y,2026-03-14
C2884,남,36,검색광고,베이직,2026-01-29,4,5,8.1,0,0,Y,2026-03-31
C2885,남,21,소셜미디어,스탠다드,2023-12-10,30,12,14.9,0,0,N,
C2886,남,37,지인추천,베이직,2025-10-30,7,15,25.4,2,0,N,
C2887,남,42,검색광고,베이직,2023-10-29,31,10,28.9,1,0,N,
C2888,여,60,소셜미디어,베이직,2025-09-16,8,13,29.2,0,0,N,
C2889,남,39,오프라인매장,베이직,2024-06-24,23,14,17.3,2,0,N,
C2890,남,19,제휴이벤트,스탠다드,2023-07-13,35,3,6.0,0,0,Y,2026-02-02
C2891,여,37,오프라인매장,베이직,2024-08-30,21,19,30.9,2,0,N,
C2892,여,69,지인추천,베이직,2025-10-24,7,11,16.6,0,1,N,
C2893,남,48,검색광고,스탠다드,2026-02-19,3,3,8.1,0,0,Y,2026-04-10
C2894,남,28,제휴이벤트,스탠다드,2023-10-07,32,13,22.5,0,0,N,
C2895,남,45,검색광고,스탠다드,2025-11-07,6,13,19.4,0,0,N,
C2896,여,29,소셜미디어,베이직,2024-04-08,26,12,27.2,2,0,N,
C2897,남,22,검색광고,프리미엄,2024-10-07,20,12,8.9,0,0,N,
C2898,남,34,오프라인매장,베이직,2023-09-24,32,10,24.2,0,1,N,
C2899,남,39,소셜미디어,베이직,2026-04-02,1,3,5.1,1,0,Y,2026-05-05
C2900,여,19,오프라인매장,프리미엄,2025-09-19,8,3,6.3,0,3,Y,2026-01-19
C2901,남,24,소셜미디어,스탠다드,2025-04-15,13,12,21.2,0,0,N,
C2902,여,38,소셜미디어,스탠다드,2025-07-14,10,11,7.7,0,0,N,
C2903,남,33,소셜미디어,프리미엄,2025-12-17,5,10,17.8,0,0,N,
C2904,여,43,검색광고,베이직,2023-10-31,31,10,16.3,0,1,N,
C2905,남,23,소셜미디어,프리미엄,2024-02-18,27,9,18.3,1,0,N,
C2906,남,47,지인추천,스탠다드,2023-07-10,35,11,15.8,1,1,N,
C2907,남,24,지인추천,베이직,2024-11-02,19,13,20.2,0,0,N,
C2908,여,58,검색광고,베이직,2024-11-08,18,11,14.7,0,0,N,
C2909,여,19,오프라인매장,베이직,2023-07-02,35,9,19.0,0,0,N,
C2910,남,25,소셜미디어,프리미엄,2025-05-05,13,12,21.1,0,0,N,
C2911,남,43,검색광고,베이직,2023-06-10,36,20,31.5,0,3,N,
C2912,여,58,검색광고,베이직,2025-09-22,8,4,13.9,1,2,Y,2026-05-01
C2913,여,42,지인추천,스탠다드,2025-06-21,11,10,9.4,0,0,N,
C2914,남,45,소셜미디어,스탠다드,2025-10-16,7,11,32.6,3,0,N,
C2915,남,38,오프라인매장,베이직,2023-10-04,32,16,11.9,1,0,N,
C2916,여,26,검색광고,프리미엄,2025-12-13,5,18,19.1,1,0,N,
C2917,여,32,오프라인매장,스탠다드,2025-01-04,17,9,8.0,0,0,N,
C2918,여,23,소셜미디어,프리미엄,2025-12-06,5,3,2.4,3,1,Y,2026-03-04
C2919,여,23,지인추천,베이직,2025-06-11,11,9,49.7,1,0,N,
C2920,남,43,오프라인매장,베이직,2025-04-30,13,10,19.3,1,1,N,
C2921,남,25,소셜미디어,스탠다드,2023-07-05,35,9,17.2,2,2,N,
C2922,남,42,검색광고,베이직,2025-06-06,11,11,22.4,2,0,N,
C2923,남,22,지인추천,스탠다드,2024-09-20,20,12,17.4,0,0,N,
C2924,남,42,제휴이벤트,베이직,2025-11-21,6,14,28.7,0,0,N,
C2925,남,32,제휴이벤트,스탠다드,2025-05-29,12,9,21.7,1,0,N,
C2926,남,55,검색광고,프리미엄,2023-08-19,33,13,26.5,0,0,N,
C2927,여,42,오프라인매장,프리미엄,2026-01-03,4,11,12.9,0,0,N,
C2928,남,53,소셜미디어,프리미엄,2023-08-06,34,11,8.6,0,0,N,
C2929,남,29,검색광고,프리미엄,2024-04-14,25,10,30.3,0,1,N,
C2930,여,39,오프라인매장,베이직,2024-01-17,28,9,22.8,1,0,N,
C2931,여,26,지인추천,베이직,2026-04-03,1,3,4.1,2,0,Y,2026-05-02
C2932,여,33,지인추천,프리미엄,2023-11-11,31,3,4.1,0,3,Y,2026-01-14
C2933,여,35,제휴이벤트,프리미엄,2025-11-16,6,14,20.5,1,0,N,
C2934,여,29,소셜미디어,프리미엄,2024-01-23,28,15,25.5,0,0,N,
C2935,남,23,오프라인매장,스탠다드,2025-04-23,13,14,11.9,0,0,N,
C2936,남,21,소셜미디어,베이직,2023-09-05,33,12,38.5,0,0,N,
C2937,여,19,검색광고,프리미엄,2024-07-22,22,10,27.1,1,0,N,
C2938,남,25,소셜미디어,프리미엄,2025-03-25,14,10,31.4,4,0,N,
C2939,남,46,제휴이벤트,스탠다드,2025-06-27,11,5,8.1,0,0,Y,2025-09-01
C2940,남,19,지인추천,프리미엄,2025-12-16,5,4,19.4,0,0,N,
C2941,남,22,검색광고,스탠다드,2025-10-17,7,16,9.7,1,0,N,
C2942,남,59,오프라인매장,프리미엄,2024-12-04,18,5,13.0,1,0,N,
C2943,남,30,제휴이벤트,베이직,2024-04-19,25,11,18.2,0,2,N,
C2944,여,42,제휴이벤트,프리미엄,2024-03-05,27,7,23.1,3,0,N,
C2945,여,46,지인추천,베이직,2026-04-23,1,2,8.4,0,0,Y,2026-04-25
C2946,남,46,소셜미디어,베이직,2025-03-09,14,11,6.5,2,0,N,
C2947,여,20,지인추천,베이직,2026-01-23,4,15,11.5,1,0,N,
C2948,남,35,제휴이벤트,스탠다드,2024-09-04,21,4,8.7,1,1,Y,2026-05-19
C2949,여,19,제휴이벤트,베이직,2024-10-30,19,13,23.4,1,1,N,
C2950,여,67,제휴이벤트,프리미엄,2025-10-27,7,3,6.3,1,0,Y,2026-02-12
C2951,남,19,소셜미디어,스탠다드,2025-07-09,10,10,26.0,0,0,N,
C2952,여,25,검색광고,프리미엄,2023-12-31,29,13,25.8,0,0,N,
C2953,여,26,지인추천,베이직,2024-12-10,17,7,48.0,1,0,N,
C2954,여,20,검색광고,베이직,2024-01-14,28,11,19.4,1,0,N,
C2955,여,54,검색광고,스탠다드,2025-08-19,9,10,15.4,0,0,N,
C2956,여,67,지인추천,스탠다드,2023-07-02,35,6,11.9,1,0,N,
C2957,남,32,오프라인매장,스탠다드,2025-10-28,7,8,9.0,1,0,N,
C2958,여,22,제휴이벤트,프리미엄,2026-02-14,3,4,10.1,1,0,Y,2026-05-01
C2959,여,19,오프라인매장,프리미엄,2023-06-25,35,11,23.9,0,0,N,
C2960,여,35,제휴이벤트,스탠다드,2025-04-02,14,12,9.7,1,0,N,
C2961,남,34,오프라인매장,프리미엄,2023-08-24,33,10,25.4,1,0,N,
C2962,여,30,오프라인매장,스탠다드,2024-06-18,23,9,20.7,0,0,N,
C2963,남,41,검색광고,스탠다드,2024-05-24,24,11,16.6,0,2,N,
C2964,여,43,지인추천,베이직,2024-12-05,18,9,6.2,1,0,N,
C2965,남,42,검색광고,베이직,2026-02-02,3,9,23.8,0,1,N,
C2966,여,34,검색광고,베이직,2024-10-04,20,10,41.0,0,0,N,
C2967,여,25,검색광고,스탠다드,2024-07-29,22,3,5.1,0,0,Y,2026-05-19
C2968,남,46,제휴이벤트,스탠다드,2023-09-07,33,19,20.8,1,0,N,
C2969,여,38,오프라인매장,베이직,2026-01-01,5,3,9.9,2,0,Y,2026-04-15
C2970,남,49,제휴이벤트,스탠다드,2024-05-01,25,13,4.6,1,1,N,
C2971,여,47,제휴이벤트,베이직,2024-10-05,20,12,11.6,1,0,N,
C2972,여,21,제휴이벤트,베이직,2023-09-07,33,6,3.3,2,0,Y,2025-12-21
C2973,남,21,검색광고,프리미엄,2024-04-03,26,4,16.4,3,1,Y,2025-12-08
C2974,남,29,제휴이벤트,베이직,2025-01-10,16,2,1.8,2,1,Y,2025-06-28
C2975,남,25,제휴이벤트,베이직,2026-01-15,4,15,16.5,0,0,N,
C2976,남,47,제휴이벤트,스탠다드,2024-05-16,24,16,21.9,2,0,N,
C2977,여,42,검색광고,베이직,2025-01-18,16,18,12.6,1,1,N,
C2978,여,51,검색광고,스탠다드,2025-12-19,5,15,5.0,1,0,N,
C2979,남,43,제휴이벤트,프리미엄,2024-06-18,23,11,16.9,0,2,N,
C2980,여,41,검색광고,스탠다드,2024-04-09,26,15,12.5,0,0,N,
C2981,남,52,소셜미디어,스탠다드,2023-07-18,34,16,23.1,0,1,N,
C2982,여,44,소셜미디어,베이직,2026-01-22,4,19,27.3,0,1,N,
C2983,남,39,검색광고,스탠다드,2023-09-27,32,13,9.7,0,1,N,
C2984,여,56,검색광고,베이직,2024-01-16,28,4,5.3,0,0,Y,2025-08-31
C2985,여,39,제휴이벤트,베이직,2023-10-27,31,11,13.6,1,0,N,
C2986,남,34,제휴이벤트,프리미엄,2025-06-23,11,15,27.1,0,0,N,
C2987,여,28,제휴이벤트,베이직,2024-06-23,23,9,19.6,0,0,N,
C2988,여,46,소셜미디어,스탠다드,2025-06-20,11,13,9.9,0,0,N,
C2989,남,53,검색광고,베이직,2025-03-08,14,12,31.3,0,0,N,
C2990,남,37,소셜미디어,프리미엄,2023-06-17,35,16,12.6,1,1,N,
C2991,여,54,소셜미디어,베이직,2024-04-23,25,6,14.4,0,0,N,
C2992,남,19,검색광고,베이직,2023-06-05,36,16,11.2,0,0,N,
C2993,남,37,오프라인매장,프리미엄,2023-08-09,34,10,20.4,0,0,N,
C2994,남,38,제휴이벤트,스탠다드,2024-10-16,19,2,6.3,2,2,Y,2026-02-09
C2995,여,29,지인추천,프리미엄,2024-03-09,27,11,35.9,0,0,N,
C2996,남,67,소셜미디어,베이직,2023-09-03,33,16,19.8,1,0,N,
C2997,남,37,소셜미디어,스탠다드,2024-08-09,22,15,11.6,0,0,N,
C2998,여,33,검색광고,프리미엄,2024-09-24,20,15,18.7,1,0,N,
C2999,여,38,소셜미디어,스탠다드,2026-04-22,1,13,38.4,0,0,N,
